chapter,method,mqm_penalty_per_1000,accuracy_omission_count_rate,accuracy_omission_penalty_rate,accuracy_mistranslation_count_rate,accuracy_mistranslation_penalty_rate,accuracy_addition_count_rate,accuracy_addition_penalty_rate,fluency_grammar_count_rate,fluency_grammar_penalty_rate,terminology_count_rate,terminology_penalty_rate,untranslated_non_translation_count_rate,untranslated_non_translation_penalty_rate,other_count_rate,other_penalty_rate,B_count,B_penalty,B_count_nogrammar,grammar_count_rate,grammar_mean_severity,delta_obs,delta_se,n_items,acc,delta_mcq,delta_mcq_se,delta_open,delta_open_se,delta_pred,resid,resid_nogrammar_model
1,helsinki,69.38255887969447,4.455760661998728,14.64035646085296,8.911521323997455,42.011457670273714,0.0,0.0,4.455760661998728,4.455760661998728,5.092297899427116,7.638446849140674,0.0,0.0,0.6365372374283895,0.6365372374283895,6.5208265583866964,27.312799206659715,5.945525629920312,4.455760661998728,1.0,0.14422258827761808,0.42157196115881707,44,0.8409090909090909,0.08900273955577578,0.7264686513412764,0.1682042246073973,0.5124111145310731,0.434853785456864,-0.2906311971792459,-0.28204132357396783
1,llm_prompt_high,37.768739105171406,3.486345148169669,12.783265543288787,6.391632771644393,24.985473561882625,0.0,0.0,0.0,0.0,0.0,0.0,0.0,0.0,0.0,0.0,4.726920502088469,18.107089194184173,4.726920502088469,0.0,0.0,-0.8158898417095337,0.5883247697288062,44,0.9318181818181818,-0.5886508116119293,0.9464312664958522,-0.8859052789253732,0.7130038583641378,0.31522373053200525,-1.131113572241539,-1.1547859712782662
1,llm_prompt_low,27.890761185357352,1.7431725740848345,8.715862870424171,4.648460197559558,16.269610691458453,0.0,0.0,1.7431725740848345,1.7431725740848345,1.1621150493898895,1.1621150493898895,0.0,0.0,0.0,0.0,3.208509559858441,12.081065049140538,2.983441636237451,1.7431725740848345,1.0,-0.2578327389427208,0.4795924786539673,44,0.8863636363636364,0.08900273955577578,0.7264686513412764,-0.4516172781187864,0.6131144190105976,0.2139655939758918,-0.4717983329186126,-0.47173031197538756
1,llm_prompt_medium,29.633933759442183,2.324230098779779,11.621150493898895,5.810575246949448,17.431725740848343,0.0,0.0,0.5810575246949448,0.5810575246949448,0.0,0.0,0.0,0.0,0.0,0.0,4.001350329125763,13.893805931852425,3.926327687918766,0.5810575246949448,1.0,0.1442225882776183,0.42157196115881707,44,0.8409090909090909,0.5357176956071469,0.6192416609310384,-0.11416495820100386,0.5526238325638592,0.26683769641465466,-0.12261510813703635,-0.13727511329496378
1,mBART-50,57.28835136855506,7.001909611712286,19.732654360280076,8.274984086569063,28.64417568427753,0.0,0.0,3.819223424570337,3.819223424570337,1.9096117122851686,1.9096117122851686,0.6365372374283895,3.182686187141948,0.0,0.0,7.808863616288265,24.701140197811437,7.315748534745651,3.819223424570337,1.0,0.3133471759850125,0.4015750584172255,44,0.8181818181818182,0.5357176956071469,0.6192416609310384,0.16820422460739734,0.5124111145310731,0.5207489991114646,-0.20740182312645206,-0.21115474069161033
1,nllb-200-1.3B,30.553787396562697,0.6365372374283895,3.182686187141948,6.365372374283896,21.642266072565246,0.0,0.0,5.092297899427116,5.092297899427116,0.6365372374283895,0.6365372374283895,0.0,0.0,0.0,0.0,4.062338862901056,12.821063591638385,3.404852087510902,5.092297899427116,1.0,-0.043900636788443526,0.44679920723865807,44,0.8636363636363636,-0.5886508116119293,0.9464312664958522,0.16820422460739742,0.5124111145310731,0.27090483338635346,-0.314805470174797,-0.2880111932705435
1,nllb-200-distilled-600M,47.10375556970082,6.365372374283896,21.642266072565246,8.274984086569063,15.913430935709737,0.0,0.0,7.001909611712286,9.548058561425844,0.0,0.0,0.0,0.0,0.0,0.0,7.836361725751767,18.689511732309157,6.932317409590306,7.001909611712286,1.3636363636363635,0.46797837000127196,0.3853771456300076,44,0.7954545454545454,0.08900273955577578,0.7264686513412764,0.640320635082976,0.4643038999425594,0.5225827631114796,-0.054604393110207594,-0.029033487510209732
2,helsinki,127.14156898106401,3.6068530207394045,28.854824165915236,18.034265103697024,93.77817853922453,0.0,0.0,4.508566275924256,4.508566275924256,0.0,0.0,0.0,0.0,0.0,0.0,11.185519958669529,60.15144985433727,10.603401087987647,4.508566275924256,1.0,0.7022856936437377,0.4879468273606767,24,0.75,0.8089366590714279,0.7721061485117959,0.609402908202693,0.6124017058691122,0.7459277827401926,-0.04364208909645484,-0.05792416971153236
2,llm_prompt_high,28.132992327365727,1.7050298380221653,25.57544757033248,1.7050298380221653,1.7050298380221653,0.8525149190110827,0.8525149190110827,0.0,0.0,0.0,0.0,0.0,0.0,0.0,0.0,1.7354826529143532,12.210108967208182,1.7354826529143532,0.0,0.0,0.45068728550022,0.5167035365341363,24,0.7916666666666666,0.053817984144696754,0.9956165275569503,0.609402908202693,0.6124017058691122,0.11573397857728658,0.33495330692293346,0.3262620167133869
2,llm_prompt_low,16.19778346121057,5.967604433077579,9.37766410912191,1.7050298380221653,1.7050298380221653,0.0,0.0,5.115089514066496,5.115089514066496,0.0,0.0,0.0,0.0,0.0,0.0,4.131935490966867,5.628310678723128,3.4715059998300823,5.115089514066496,1.0,0.9298514137364636,0.46715071896047017,24,0.7083333333333334,1.3225795891906447,0.6712946350321561,0.609402908202693,0.6124017058691122,0.275546017582631,0.6543053961538327,0.6809621111562214
2,llm_prompt_medium,17.902813299232736,2.557544757033248,9.37766410912191,0.8525149190110827,4.262574595055414,0.8525149190110827,4.262574595055414,0.0,0.0,0.0,0.0,0.0,0.0,0.0,0.0,1.6831517392251063,6.919383508369271,1.6831517392251063,0.0,0.0,0.7022856936437378,0.48794682736067657,24,0.75,0.8089366590714279,0.7721061485117959,0.609402908202693,0.6124017058691122,0.11224419155252395,0.5900415020912139,0.5816122848888738
2,mBART-50,73.03877366997295,6.311992786293959,31.559963931469795,5.410279531109108,23.44454463480613,0.0,0.0,1.8034265103697023,5.410279531109108,4.508566275924256,8.115419296663662,0.9017132551848511,4.508566275924256,0.0,0.0,5.690843088289211,27.50811931490231,5.457995540016458,1.8034265103697023,3.0000000000000004,0.45068728550022,0.5167035365341363,24,0.7916666666666666,0.053817984144696754,0.9956165275569503,0.609402908202693,0.6124017058691122,0.3795047510044264,0.07118253449579365,0.05937679849335348
2,nllb-200-1.3B,55.906221821460775,2.705139765554554,13.525698827772768,10.820559062218216,32.46167718665465,0.0,0.0,4.508566275924256,8.115419296663662,1.8034265103697023,1.8034265103697023,0.0,0.0,0.0,0.0,7.016102457907035,23.054793712543194,6.433983587225153,4.508566275924256,1.8000000000000003,-0.18032747732265977,0.6189170068647054,24,0.875,0.053817984144696754,0.9956165275569503,-0.2890392831164445,0.7544368367538862,0.4678822056768395,-0.6482096829994993,-0.6416113373867282
3,helsinki,89.9772209567198,4.555808656036446,36.44646924829157,10.250569476082005,51.25284738041002,0.0,0.0,1.1389521640091116,1.1389521640091116,1.1389521640091116,1.1389521640091116,0.0,0.0,0.0,0.0,7.168993713961765,41.67218203637523,7.0219390835321045,1.1389521640091116,1.0,1.311475284728254,0.5797804491174661,14,0.6428571428571429,0.637828537721526,1.056868408610892,1.6398854123645434,0.7474025905785083,0.47807805138188203,0.833397233346372,0.8080380095667553
3,llm_prompt_high,16.42935377875137,4.381161007667032,4.381161007667032,2.190580503833516,10.95290251916758,0.0,0.0,0.0,0.0,1.095290251916758,1.095290251916758,0.0,0.0,0.0,0.0,2.917731890878549,7.300611939658486,2.917731890878549,0.0,0.0,-2.2422428359469535,1.68283225423377,14,1.0,-1.3417334161767465,1.9757609297644154,-2.043622623695912,1.7439906793952795,0.19457452921591867,-2.436817365162872,-2.4514293548446418
3,llm_prompt_low,2.190580503833516,0.0,0.0,2.190580503833516,2.190580503833516,0.0,0.0,0.0,0.0,0.0,0.0,0.0,0.0,0.0,0.0,1.0957200121949842,1.0957200121949842,1.0957200121949842,0.0,0.0,-0.6813433582999915,0.9693109285053393,14,0.9285714285714286,-1.3417334161767465,1.9757609297644154,-0.3619890662120415,1.015601986480985,0.07307018379303658,-0.754413542093028,-0.7599009035474352
3,llm_prompt_medium,19.715224534501644,0.0,0.0,4.381161007667032,17.524644030668128,0.0,0.0,2.190580503833516,2.190580503833516,0.0,0.0,0.0,0.0,0.0,0.0,2.47427456002467,9.048594633194575,2.1914400243899683,2.190580503833516,1.0,-2.2422428359469535,1.68283225423377,14,1.0,-1.3417334161767465,1.9757609297644154,-2.043622623695912,1.7439906793952795,0.16500172931336826,-2.4072445652603216,-2.3993579264418408
3,mBART-50,58.08656036446469,7.972665148063782,26.195899772209568,2.277904328018223,29.612756264236904,0.0,0.0,1.1389521640091116,1.1389521640091116,1.1389521640091116,1.1389521640091116,0.0,0.0,0.0,0.0,4.6804547304304425,26.34981786774323,4.533400100000782,1.1389521640091116,1.0,0.5521564873526513,0.6665679363932854,14,0.7857142857142857,-1.3417334161767465,1.9757609297644154,1.0796177033900807,0.7579552157763304,0.3121250717164783,0.24003141563617303,0.2271347851687513
3,nllb-200-1.3B,70.61503416856492,1.1389521640091116,28.473804100227788,7.972665148063782,39.863325740318906,0.0,0.0,2.277904328018223,2.277904328018223,0.0,0.0,0.0,0.0,0.0,0.0,4.781791860834941,32.72824034295892,4.487682599975622,2.277904328018223,1.0,0.04717379830710891,0.7636857816106403,14,0.8571428571428571,0.637828537721526,1.056868408610892,-0.3619890662120415,1.015601986480985,0.3188829319921907,-0.27170913368508176,-0.27457019192770293
3,nllb-200-distilled-600M,93.39407744874715,3.416856492027335,12.528473804100228,9.111617312072893,45.558086560364465,0.0,0.0,3.416856492027335,35.30751708428246,0.0,0.0,0.0,0.0,0.0,0.0,6.4981178274674,32.84431960776726,6.05695393617842,3.416856492027335,10.333333333333332,-0.6813433582999915,0.9693109285053393,14,0.9285714285714286,-1.3417334161767465,1.9757609297644154,-0.3619890662120415,1.015601986480985,0.4333394103213259,-1.1146827686213174,-1.115596112294911
4,llm_prompt_high,10.486177311725452,2.859866539561487,10.486177311725452,0.0,0.0,0.0,0.0,0.0,0.0,0.0,0.0,0.0,0.0,0.0,0.0,1.2549438240501152,4.601460688183756,1.2549438240501152,0.0,0.0,0.2997414946056944,0.3864324419020949,44,0.7954545454545454,1.0013563420552656,0.5193377787373635,-0.2741831865148823,0.5517902519161604,0.08368832808810667,0.2160531665175877,0.20976841284794906
4,llm_prompt_low,14.299332697807436,2.859866539561487,2.859866539561487,2.859866539561487,10.486177311725452,0.0,0.0,0.9532888465204957,0.9532888465204957,0.0,0.0,0.0,0.0,0.0,0.0,2.8085210616271143,6.623172619812131,2.685438158369496,0.9532888465204957,1.0,0.5791718389815992,0.36249383805977936,44,0.75,0.3627988202134906,0.6235095187369664,0.6888652260328507,0.4507599793633106,0.1872915962797881,0.3918802427018111,0.3866395978183494
4,llm_prompt_medium,8.579599618684462,2.859866539561487,6.673021925643471,0.9532888465204957,0.9532888465204957,0.0,0.0,0.0,0.0,0.9532888465204957,0.9532888465204957,0.0,0.0,0.0,0.0,1.6443098255439286,3.3175682576107497,1.6443098255439286,0.0,0.0,0.7072149407776106,0.3534162418402595,44,0.7272727272727273,0.3627988202134906,0.6235095187369664,0.8875310288850635,0.4413351938883882,0.10965394428135167,0.5975609964962589,0.5893262994428413
4,mBART-50,45.86241276171486,4.985044865403789,16.949152542372882,2.991026919242273,14.955134596211366,0.0,0.0,3.9880358923230306,3.9880358923230306,7.976071784646061,7.976071784646061,0.0,0.0,1.9940179461615153,1.9940179461615153,3.4666944544542524,14.70108978099304,2.9517833257713355,3.9880358923230306,1.0,0.8293678321202657,0.34579907159194895,44,0.7045454545454546,1.0013563420552656,0.5193377787373635,0.6888652260328508,0.4507599793633105,0.23118314726572306,0.5981846848545426,0.6177399987375277
4,nllb-200-1.3B,63.80857427716849,9.970089730807578,37.88634097706879,3.9880358923230306,19.940179461615156,0.9970089730807576,0.9970089730807576,4.985044865403789,4.985044865403789,0.0,0.0,0.0,0.0,0.0,0.0,7.170667538449605,27.39985560997386,6.527028627595959,4.985044865403789,1.0,0.8293678321202657,0.34579907159194895,44,0.7045454545454546,0.3627988202134905,0.6235095187369664,1.0795546818087212,0.43564973864432266,0.47818967356784425,0.3511781585524214,0.3614131164656917
4,nllb-200-distilled-600M,69.79062811565304,8.97308075772682,44.8654037886341,5.982053838484546,21.93419740777667,0.0,0.0,2.991026919242273,2.991026919242273,0.0,0.0,0.0,0.0,0.0,0.0,7.31587958548305,31.045063858877878,6.9296962389708625,2.991026919242273,1.0,0.5791718389815992,0.36249383805977936,44,0.75,0.3627988202134905,0.6235095187369664,0.6888652260328507,0.4507599793633106,0.4878734165383146,0.09129842244328457,0.082347906056003
5,helsinki,148.49428868120458,6.230529595015576,26.99896157840083,17.653167185877468,113.18795430944964,0.0,0.0,5.192107995846314,5.192107995846314,3.115264797507788,3.115264797507788,0.0,0.0,0.0,0.0,11.948622404031696,68.84819618217855,11.278248751294202,5.192107995846314,1.0,0.26357716251952623,0.484079488821089,26,0.7692307692307693,-0.3495660839557233,0.9738665102874324,0.5359941809487447,0.5817969816328248,0.7968167281960931,-0.5332395656765668,-0.5450158418346347
5,llm_prompt_high,5.982053838484546,0.9970089730807576,4.985044865403789,0.9970089730807576,0.9970089730807576,0.0,0.0,0.0,0.0,0.0,0.0,0.0,0.0,0.0,0.0,0.9361996105448992,2.6861977114801885,0.9361996105448992,0.0,0.0,0.015714255348525753,0.5130293484707105,26,0.8076923076923077,-0.3495660839557233,0.9738665102874324,0.18312584587612857,0.608996442632226,0.0624322608404744,-0.04671800549194865,-0.051406489410613175
5,llm_prompt_low,20.937188434695912,3.9880358923230306,11.964107676969093,6.979062811565304,6.979062811565304,0.0,0.0,1.9940179461615153,1.9940179461615153,0.0,0.0,0.0,0.0,0.0,0.0,5.498354262454286,8.998350464324865,5.240898698112828,1.9940179461615153,1.0,1.0728326828797325,0.4260105690658333,26,0.6153846153846154,1.2725867490551557,0.6066640402048776,0.8659526899549739,0.5691023445967354,0.3666682656565975,0.706164417223135,0.6970869339365227
5,llm_prompt_medium,5.982053838484546,0.9970089730807576,4.985044865403789,0.9970089730807576,0.9970089730807576,0.0,0.0,0.0,0.0,0.0,0.0,0.0,0.0,0.0,0.0,0.9361996105448992,2.6861977114801885,0.9361996105448992,0.0,0.0,0.6937261647989623,0.4467759003695532,26,0.6923076923076923,-0.3495660839557233,0.9738665102874324,1.1881668408766655,0.5680158933020357,0.0624322608404744,0.631293903958488,0.6266054200398234
5,mBART-50,51.92107995846314,3.115264797507788,11.422637590861891,9.345794392523365,38.42159916926272,0.0,0.0,1.0384215991692627,1.0384215991692627,1.0384215991692627,1.0384215991692627,0.0,0.0,0.0,0.0,6.08054460752742,24.269526317135394,5.946469876979921,1.0384215991692627,1.0,0.26357716251952623,0.484079488821089,26,0.7692307692307693,0.37726029577404435,0.7590891401981802,0.1831258458761285,0.608996442632226,0.4054927418398938,-0.14191557932036758,-0.16275444703793746
5,nllb-200-1.3B,46.72897196261682,14.537902388369679,43.613707165109034,1.0384215991692627,1.0384215991692627,0.0,0.0,2.0768431983385254,2.0768431983385254,0.0,0.0,0.0,0.0,0.0,0.0,7.166970352995665,19.925783090967276,6.898820891900667,2.0768431983385254,1.0,-1.0410617912060012,0.7128179557736621,26,0.9230769230769231,-1.9794999021987012,1.7495329173047764,-0.7035692217990389,0.7477180161147718,0.4779431196876288,-1.51900491089363,-1.5356721189701488
5,nllb-200-distilled-600M,78.92004153686396,10.384215991692628,51.92107995846314,4.153686396677051,16.614745586708203,0.0,0.0,4.153686396677051,4.153686396677051,2.0768431983385254,6.230529595015576,0.0,0.0,0.0,0.0,6.98012288933774,31.05886658527239,6.443823967147745,4.153686396677051,1.0,-0.2675753564344124,0.5536506698730022,26,0.8461538461538461,-1.9794999021987012,1.7495329173047764,0.1831258458761285,0.608996442632226,0.46548283936163826,-0.7330581957960507,-0.7295647216297345
6,helsinki,90.38142620232173,2.487562189054726,12.437810945273633,12.437810945273633,52.23880597014925,0.8291873963515755,4.1459369817578775,5.804311774461028,15.754560530679935,2.487562189054726,5.804311774461028,0.0,0.0,0.0,0.0,7.964865337205542,33.74292728712225,7.215447626906463,5.804311774461028,2.714285714285715,-2.578145310449301,1.6023703729341474,16,1.0,-1.6002604171368746,1.8750464601797023,-2.3799553021297486,1.6559625878375968,0.5311522721124025,-3.1092975825617035,-3.0954561627862733
6,llm_prompt_high,25.203252032520325,4.878048780487805,17.88617886178862,3.252032520325203,3.252032520325203,1.6260162601626016,1.6260162601626016,0.8130081300813008,0.8130081300813008,1.6260162601626016,1.6260162601626016,0.0,0.0,0.0,0.0,3.979412859246635,9.68753674619979,3.8744421555740813,0.8130081300813008,1.0,-0.42563545487323934,0.748853477275126,16,0.875,-1.6002604171368746,1.8750464601797023,-0.038681277159797696,0.8073246348476082,0.2653747542960646,-0.691010209169304,-0.7034132279882859
6,llm_prompt_low,21.95121951219512,3.252032520325203,16.260162601626018,0.8130081300813008,4.065040650406504,0.0,0.0,0.8130081300813008,0.8130081300813008,0.8130081300813008,0.8130081300813008,0.0,0.0,0.0,0.0,1.8640707287173548,9.198848877677047,1.7591000250448008,0.8130081300813008,1.0,-1.1236128523910285,0.9462588359259677,16,0.9375,-1.6002604171368746,1.8750464601797023,-0.8212928951038169,0.9885104906190401,0.12430912024481526,-1.2479219726358437,-1.2497313664952001
6,llm_prompt_medium,39.02439024390244,4.878048780487805,34.146341463414636,0.0,0.0,0.0,0.0,0.0,0.0,1.6260162601626016,4.878048780487805,0.0,0.0,0.0,0.0,1.9913574332171886,14.536258130081297,1.9913574332171886,0.0,0.0,-1.1236128523910285,0.9462588359259677,16,0.9375,-1.6002604171368746,1.8750464601797023,-0.8212928951038169,0.9885104906190401,0.13279747747905157,-1.25641032987008,-1.2663830399596705
6,mBART-50,87.893864013267,5.804311774461028,29.02155887230514,7.462686567164179,33.99668325041459,0.0,0.0,4.975124378109452,14.925373134328359,1.658374792703151,1.658374792703151,0.0,0.0,1.658374792703151,8.291873963515755,6.7700092287505855,31.51493641864933,6.127651191351375,4.975124378109452,3.0000000000000004,0.4493539121883381,0.5983475220770417,16,0.75,0.22362909951157842,1.0238153463111115,0.5488056048517368,0.7358502119930485,0.4514710082134827,-0.0021170960251445936,0.010032525002176662
6,nllb-200-1.3B,40.6301824212272,4.1459369817578775,10.779436152570481,4.1459369817578775,14.096185737976782,0.0,0.0,1.658374792703151,4.975124378109452,4.1459369817578775,10.779436152570481,0.0,0.0,0.0,0.0,3.7267933067306402,11.434335826920755,3.5126739609309037,1.658374792703151,2.9999999999999996,-1.1236128523910285,0.9462588359259677,16,0.9375,-1.6002604171368746,1.8750464601797023,-0.8212928951038169,0.9885104906190401,0.24852833648255693,-1.3721411888735855,-1.3754536881466521
6,nllb-200-distilled-600M,73.79767827529021,15.754560530679935,42.28855721393035,4.975124378109452,11.608623548922056,0.0,0.0,9.12106135986733,15.754560530679935,0.8291873963515755,4.1459369817578775,0.0,0.0,0.0,0.0,10.503406249148147,26.01705547848378,9.325749847249595,9.12106135986733,1.7272727272727275,-0.4256354548732392,0.7488534772751257,16,0.875,-1.6002604171368746,1.8750464601797023,-0.038681277159797696,0.8073246348476082,0.7004397259667914,-1.1260751808400307,-1.094244230324977
7,helsinki,85.24590163934425,4.0983606557377055,13.934426229508198,13.114754098360656,49.18032786885246,0.0,0.0,6.557377049180328,13.114754098360656,2.459016393442623,9.01639344262295,0.0,0.0,0.0,0.0,8.979391034637471,31.58043871890031,8.132742080426052,6.557377049180328,2.0,0.45065264656577025,0.5798313676495992,18,0.7777777777777778,-1.6028586366544224,1.872759511036589,1.0211723164575826,0.668670837197406,0.5988078577994858,-0.1481552112337155,-0.13242354704049258
7,llm_prompt_high,3.9494470774091623,0.0,0.0,0.7898894154818326,3.9494470774091623,0.0,0.0,0.0,0.0,0.0,0.0,0.0,0.0,0.0,0.0,0.395099672643768,1.9754983632188399,0.395099672643768,0.0,0.0,0.0822144269687331,0.6382726703713772,18,0.8333333333333334,-1.6028586366544224,1.872759511036589,0.5538530351818783,0.7041926041254473,0.026347977015419587,0.05586644995331351,0.05388779236726543
7,llm_prompt_low,14.218009478672984,1.5797788309636651,7.898894154818325,2.3696682464454977,5.529225908372828,0.0,0.0,0.0,0.0,0.7898894154818326,0.7898894154818326,0.0,0.0,0.0,0.0,1.8060516226856858,6.159354097207195,1.8060516226856858,0.0,0.0,1.0441342500651867,0.5175701782398818,18,0.6666666666666666,0.2083050435786193,1.015867778635645,1.4617787490673575,0.6634850966372737,0.120440005239104,0.9236942448260826,0.9146495454971528
7,llm_prompt_medium,14.218009478672984,3.9494470774091623,13.428120063191153,0.7898894154818326,0.7898894154818326,0.0,0.0,0.0,0.0,0.0,0.0,0.0,0.0,0.0,0.0,2.128164537610291,6.287520213529947,2.128164537610291,0.0,0.0,1.0441342500651867,0.5175701782398818,18,0.6666666666666666,0.2083050435786193,1.015867778635645,1.4617787490673575,0.6634850966372737,0.14192072078111717,0.9022135292840695,0.8915556897608822
7,mBART-50,90.16393442622952,5.737704918032787,18.852459016393443,5.737704918032787,28.688524590163937,0.0,0.0,4.918032786885246,11.475409836065573,6.557377049180328,29.508196721311478,1.639344262295082,1.639344262295082,0.0,0.0,6.140455169146091,22.116161973217075,5.505468453487527,4.918032786885246,2.333333333333333,0.45065264656577025,0.5798313676495992,18,0.7777777777777778,0.2083050435786193,1.015867778635645,0.553853035181878,0.7041926041254473,0.40948799217747855,0.0411646543882917,0.05593859340466256
7,nllb-200-1.3B,69.67213114754098,1.639344262295082,4.918032786885246,13.114754098360656,49.18032786885246,0.819672131147541,4.0983606557377055,3.278688524590164,9.836065573770492,1.639344262295082,1.639344262295082,0.0,0.0,0.0,0.0,7.681492714652169,28.52379674480492,7.258168237546459,3.278688524590164,3.0,1.0441342500651867,0.5175701782398818,18,0.6666666666666666,0.2083050435786193,1.015867778635645,1.4617787490673575,0.6634850966372737,0.5122550270302298,0.5318792230349568,0.5237605474872782
7,nllb-200-distilled-600M,49.18032786885246,8.196721311475411,14.754098360655739,5.737704918032787,25.40983606557377,0.0,0.0,4.918032786885246,8.196721311475411,0.819672131147541,0.819672131147541,0.0,0.0,0.0,0.0,7.026578754235866,20.16728408714849,6.391592038577302,4.918032786885246,1.6666666666666667,0.45065264656577025,0.5798313676495992,18,0.7777777777777778,0.2083050435786193,1.015867778635645,0.5538530351818783,0.7041926041254473,0.4685808375259417,-0.017928190960171453,-0.007591955326548883
8,helsinki,81.40350877192982,3.5087719298245617,14.736842105263158,12.631578947368421,49.12280701754386,0.0,0.0,4.2105263157894735,9.824561403508772,4.912280701754386,7.719298245614035,0.0,0.0,0.0,0.0,7.950888773584037,31.597977022408493,7.407251024037757,4.2105263157894735,2.3333333333333335,1.3872541585380014,0.4920354257022426,18,0.5,1.6659566047159278,0.6732961498465362,1.0451471793638563,0.6660926719558272,0.530220218247134,0.8570339402908674,0.856191979328235
8,llm_prompt_high,5.442176870748299,0.0,0.0,2.0408163265306123,4.761904761904763,0.0,0.0,0.6802721088435374,0.6802721088435374,0.0,0.0,0.0,0.0,0.0,0.0,1.108641171577056,2.46971922754171,1.0208085419734905,0.6802721088435374,1.0,0.0408954213243123,0.5784500689240435,18,0.7777777777777778,-1.8531694806391694,1.7914201910845768,0.6027717540959502,0.6686907439294046,0.07393185600889376,-0.033036434684581464,-0.032291352972540904
8,llm_prompt_low,25.170068027210885,3.401360544217687,14.285714285714285,2.0408163265306123,7.482993197278911,0.0,0.0,3.401360544217687,3.401360544217687,0.0,0.0,0.0,0.0,0.0,0.0,2.9525295941053447,10.450870999199536,2.5133664460875167,3.401360544217687,1.0,0.6343485030747708,0.5187905796960898,18,0.6666666666666666,0.6345083141081103,0.7948012275682292,0.6027717540959504,0.6686907439294046,0.1968950805812843,0.43745342249348645,0.4541529274583316
8,llm_prompt_medium,14.285714285714285,1.3605442176870748,4.081632653061225,5.442176870748299,5.442176870748299,0.0,0.0,0.0,0.0,2.0408163265306123,4.761904761904763,0.0,0.0,0.0,0.0,3.131931824595326,4.076314882580425,3.131931824595326,0.0,0.0,0.3536522122294143,0.5424062137756628,18,0.7222222222222222,0.6345083141081103,0.7948012275682292,0.13741259396681313,0.701223170896724,0.20885886129979406,0.14479335092962023,0.12910864883342704
8,mBART-50,45.6140350877193,4.2105263157894735,7.017543859649123,7.017543859649123,32.280701754385966,0.0,0.0,2.1052631578947367,2.1052631578947367,2.1052631578947367,2.1052631578947367,0.0,0.0,2.1052631578947367,2.1052631578947367,5.436436593037873,19.304724856652236,5.164617718264733,2.1052631578947367,1.0,0.8951223679020127,0.5037064307219072,18,0.6111111111111112,1.192132290020278,0.709252905500709,0.6027717540959505,0.6686907439294046,0.3625391674983641,0.5325832004036486,0.5248455767758018
8,nllb-200-1.3B,44.21052631578947,3.5087719298245617,14.736842105263158,4.2105263157894735,15.43859649122807,0.7017543859649122,0.7017543859649122,2.807017543859649,2.807017543859649,4.2105263157894735,7.017543859649123,0.7017543859649122,3.5087719298245617,0.0,0.0,4.040492878206062,15.557948629267562,3.678067711841875,2.807017543859649,1.0,0.0408954213243123,0.5784500689240435,18,0.7777777777777778,0.6345083141081103,0.7948012275682292,-0.40364337932895683,0.7794939835856572,0.26944799213216725,-0.22855257080785496,-0.2228033041533446
8,nllb-200-distilled-600M,49.824561403508774,0.7017543859649122,0.7017543859649122,6.315789473684211,31.578947368421055,0.0,0.0,6.315789473684211,11.929824561403509,2.807017543859649,5.614035087719298,0.0,0.0,0.0,0.0,4.024981321801957,17.12881950043375,3.209524697482538,6.315789473684211,1.8888888888888888,0.6343485030747708,0.5187905796960898,18,0.6666666666666666,-0.14560408183488638,1.0010994023062145,1.0451471793638563,0.6660926719558272,0.2684135743386166,0.36593492873615413,0.40424192581130325
