pool,pool_size,theta,arm,draws,tau,fit_slope,seed,step,mean_se,n_active
filtered,102,-1.0,adaptive,500,0.5,group,2026,1,0.9413769213512547,500
filtered,102,-1.0,adaptive,500,0.5,group,2026,2,0.8924237699394298,500
filtered,102,-1.0,adaptive,500,0.5,group,2026,3,0.8507750905069891,500
filtered,102,-1.0,adaptive,500,0.5,group,2026,4,0.8147712586473747,500
filtered,102,-1.0,adaptive,500,0.5,group,2026,5,0.783290843109043,500
filtered,102,-1.0,adaptive,500,0.5,group,2026,6,0.7558013555148486,500
filtered,102,-1.0,adaptive,500,0.5,group,2026,7,0.7315868907284412,500
filtered,102,-1.0,adaptive,500,0.5,group,2026,8,0.7097609127411021,500
filtered,102,-1.0,adaptive,500,0.5,group,2026,9,0.6904128898919631,500
filtered,102,-1.0,adaptive,500,0.5,group,2026,10,0.6729859064294822,500
filtered,102,-1.0,adaptive,500,0.5,group,2026,11,0.6572703964695953,500
filtered,102,-1.0,adaptive,500,0.5,group,2026,12,0.6424546801408504,500
filtered,102,-1.0,adaptive,500,0.5,group,2026,13,0.6288550232852423,500
filtered,102,-1.0,adaptive,500,0.5,group,2026,14,0.616358584795307,500
filtered,102,-1.0,adaptive,500,0.5,group,2026,15,0.6045916618092062,500
filtered,102,-1.0,adaptive,500,0.5,group,2026,16,0.5937089700706251,500
filtered,102,-1.0,adaptive,500,0.5,group,2026,17,0.583728854326321,500
filtered,102,-1.0,adaptive,500,0.5,group,2026,18,0.5740156661865156,500
filtered,102,-1.0,adaptive,500,0.5,group,2026,19,0.5650109845280717,500
filtered,102,-1.0,adaptive,500,0.5,group,2026,20,0.5563089916958364,500
filtered,102,-1.0,adaptive,500,0.5,group,2026,21,0.5479791297632158,500
filtered,102,-1.0,adaptive,500,0.5,group,2026,22,0.5399991828044957,500
filtered,102,-1.0,adaptive,500,0.5,group,2026,23,0.5323309750631272,500
filtered,102,-1.0,adaptive,500,0.5,group,2026,24,0.5250198143970182,500
filtered,102,-1.0,adaptive,500,0.5,group,2026,25,0.5180605599649065,500
filtered,102,-1.0,adaptive,500,0.5,group,2026,26,0.5114284395282772,500
filtered,102,-1.0,adaptive,500,0.5,group,2026,27,0.5050361417710283,500
filtered,102,-1.0,adaptive,500,0.5,group,2026,28,0.4988721552948355,500
filtered,102,-1.0,adaptive,500,0.5,group,2026,29,0.49307325387107825,500
filtered,102,-1.0,adaptive,500,0.5,group,2026,30,0.4874573173317868,500
filtered,102,-1.0,adaptive,500,0.5,group,2026,31,0.48211035722384277,498
filtered,102,-1.0,adaptive,500,0.5,group,2026,32,0.4769601196249698,491
filtered,102,-1.0,adaptive,500,0.5,group,2026,33,0.4734048063694267,441
filtered,102,-1.0,adaptive,500,0.5,group,2026,34,0.472092610064446,329
filtered,102,-1.0,adaptive,500,0.5,group,2026,35,0.4722932597132773,220
filtered,102,-1.0,adaptive,500,0.5,group,2026,36,0.4728718679847319,152
filtered,102,-1.0,adaptive,500,0.5,group,2026,37,0.4732089251874665,111
filtered,102,-1.0,adaptive,500,0.5,group,2026,38,0.47510937837742223,78
filtered,102,-1.0,adaptive,500,0.5,group,2026,39,0.4753172853998845,63
filtered,102,-1.0,adaptive,500,0.5,group,2026,40,0.4743518520238987,55
filtered,102,-1.0,adaptive,500,0.5,group,2026,41,0.4748947919841078,45
filtered,102,-1.0,adaptive,500,0.5,group,2026,42,0.4757929178532974,38
filtered,102,-1.0,adaptive,500,0.5,group,2026,43,0.4760402514845675,32
filtered,102,-1.0,adaptive,500,0.5,group,2026,44,0.4783311865059223,25
filtered,102,-1.0,adaptive,500,0.5,group,2026,45,0.475000045399319,25
filtered,102,-1.0,adaptive,500,0.5,group,2026,46,0.47219763978454343,23
filtered,102,-1.0,adaptive,500,0.5,group,2026,47,0.4731597858477965,19
filtered,102,-1.0,adaptive,500,0.5,group,2026,48,0.47399388310121343,16
filtered,102,-1.0,adaptive,500,0.5,group,2026,49,0.476592093591349,13
filtered,102,-1.0,adaptive,500,0.5,group,2026,50,0.47665689304945613,12
filtered,102,-1.0,adaptive,500,0.5,group,2026,51,0.47518888928768727,11
filtered,102,-1.0,adaptive,500,0.5,group,2026,52,0.47742239506732215,9
filtered,102,-1.0,adaptive,500,0.5,group,2026,53,0.47557204542954334,9
filtered,102,-1.0,adaptive,500,0.5,group,2026,54,0.4722860632581539,9
filtered,102,-1.0,adaptive,500,0.5,group,2026,55,0.470692674614278,9
filtered,102,-1.0,adaptive,500,0.5,group,2026,56,0.470597664262001,8
filtered,102,-1.0,adaptive,500,0.5,group,2026,57,0.4704364195005864,7
filtered,102,-1.0,adaptive,500,0.5,group,2026,58,0.4717960339960199,6
filtered,102,-1.0,adaptive,500,0.5,group,2026,59,0.4710750982294755,6
filtered,102,-1.0,adaptive,500,0.5,group,2026,60,0.4703934734336965,6
filtered,102,-1.0,adaptive,500,0.5,group,2026,61,0.4678726979054236,6
filtered,102,-1.0,adaptive,500,0.5,group,2026,62,0.4721471523839573,4
filtered,102,-1.0,adaptive,500,0.5,group,2026,63,0.4723465157119976,4
filtered,102,-1.0,adaptive,500,0.5,group,2026,64,0.47106941526663826,4
filtered,102,-1.0,adaptive,500,0.5,group,2026,65,0.4697402434913299,4
filtered,102,-1.0,adaptive,500,0.5,group,2026,66,0.46847875753658025,4
filtered,102,-1.0,adaptive,500,0.5,group,2026,67,0.46860990291564475,4
filtered,102,-1.0,adaptive,500,0.5,group,2026,68,0.4644848942726403,4
filtered,102,-1.0,adaptive,500,0.5,group,2026,69,0.46282466732370087,3
filtered,102,-1.0,adaptive,500,0.5,group,2026,70,0.46219274560888257,2
filtered,102,-1.0,adaptive,500,0.5,group,2026,71,0.46534435370084437,1
filtered,102,-1.0,adaptive,500,0.5,group,2026,72,0.45980293064523126,1
filtered,102,-1.0,adaptive,500,0.5,group,2026,73,0.4597517516655019,1
filtered,102,-1.0,adaptive,500,0.5,group,2026,74,0.45970030999064665,1
filtered,102,-1.0,adaptive,500,0.5,group,2026,75,0.4596484633428163,1
filtered,102,-1.0,adaptive,500,0.5,group,2026,76,0.4595960792987583,1
filtered,102,-1.0,random,500,0.5,group,2026,1,0.9668626719975612,500
filtered,102,-1.0,random,500,0.5,group,2026,2,0.9366639828861958,500
filtered,102,-1.0,random,500,0.5,group,2026,3,0.9110968215905715,500
filtered,102,-1.0,random,500,0.5,group,2026,4,0.8860867717746665,500
filtered,102,-1.0,random,500,0.5,group,2026,5,0.863281835782214,500
filtered,102,-1.0,random,500,0.5,group,2026,6,0.8425400660581223,500
filtered,102,-1.0,random,500,0.5,group,2026,7,0.8238594403851615,500
filtered,102,-1.0,random,500,0.5,group,2026,8,0.8058399217710884,500
filtered,102,-1.0,random,500,0.5,group,2026,9,0.7891564313201297,500
filtered,102,-1.0,random,500,0.5,group,2026,10,0.7734638949444396,500
filtered,102,-1.0,random,500,0.5,group,2026,11,0.7577274536081035,500
filtered,102,-1.0,random,500,0.5,group,2026,12,0.7445900143487633,500
filtered,102,-1.0,random,500,0.5,group,2026,13,0.7311424229333107,500
filtered,102,-1.0,random,500,0.5,group,2026,14,0.7188064770204039,500
filtered,102,-1.0,random,500,0.5,group,2026,15,0.7070433518193127,500
filtered,102,-1.0,random,500,0.5,group,2026,16,0.6954044233725912,500
filtered,102,-1.0,random,500,0.5,group,2026,17,0.6841602445074274,500
filtered,102,-1.0,random,500,0.5,group,2026,18,0.6736957358553496,500
filtered,102,-1.0,random,500,0.5,group,2026,19,0.6637177089169,500
filtered,102,-1.0,random,500,0.5,group,2026,20,0.6534750763706763,500
filtered,102,-1.0,random,500,0.5,group,2026,21,0.6440447520855549,500
filtered,102,-1.0,random,500,0.5,group,2026,22,0.6353817836724656,500
filtered,102,-1.0,random,500,0.5,group,2026,23,0.627138371977617,500
filtered,102,-1.0,random,500,0.5,group,2026,24,0.6189272877437658,500
filtered,102,-1.0,random,500,0.5,group,2026,25,0.6112325785825806,500
filtered,102,-1.0,random,500,0.5,group,2026,26,0.6036299002979407,500
filtered,102,-1.0,random,500,0.5,group,2026,27,0.5960092119306915,500
filtered,102,-1.0,random,500,0.5,group,2026,28,0.5893418195455465,500
filtered,102,-1.0,random,500,0.5,group,2026,29,0.582826130905517,500
filtered,102,-1.0,random,500,0.5,group,2026,30,0.5762831443080567,500
filtered,102,-1.0,random,500,0.5,group,2026,31,0.5697184309365017,500
filtered,102,-1.0,random,500,0.5,group,2026,32,0.5639207903960491,500
filtered,102,-1.0,random,500,0.5,group,2026,33,0.5583247012507263,500
filtered,102,-1.0,random,500,0.5,group,2026,34,0.5526893345845127,500
filtered,102,-1.0,random,500,0.5,group,2026,35,0.5469986980981895,500
filtered,102,-1.0,random,500,0.5,group,2026,36,0.5416607304770327,500
filtered,102,-1.0,random,500,0.5,group,2026,37,0.5366067547920539,500
filtered,102,-1.0,random,500,0.5,group,2026,38,0.5314917197855875,500
filtered,102,-1.0,random,500,0.5,group,2026,39,0.5264855014900911,500
filtered,102,-1.0,random,500,0.5,group,2026,40,0.521957471492926,500
filtered,102,-1.0,random,500,0.5,group,2026,41,0.5173477316880833,500
filtered,102,-1.0,random,500,0.5,group,2026,42,0.5130954905832045,500
filtered,102,-1.0,random,500,0.5,group,2026,43,0.508784974124823,500
filtered,102,-1.0,random,500,0.5,group,2026,44,0.5044606153739002,499
filtered,102,-1.0,random,500,0.5,group,2026,45,0.4998385887124586,499
filtered,102,-1.0,random,500,0.5,group,2026,46,0.4960966930930463,496
filtered,102,-1.0,random,500,0.5,group,2026,47,0.4922363225105985,492
filtered,102,-1.0,random,500,0.5,group,2026,48,0.48861605422483106,486
filtered,102,-1.0,random,500,0.5,group,2026,49,0.48522072280806444,479
filtered,102,-1.0,random,500,0.5,group,2026,50,0.4826811834006163,460
filtered,102,-1.0,random,500,0.5,group,2026,51,0.4800674254988919,444
filtered,102,-1.0,random,500,0.5,group,2026,52,0.478072067704428,412
filtered,102,-1.0,random,500,0.5,group,2026,53,0.4760056123605843,386
filtered,102,-1.0,random,500,0.5,group,2026,54,0.47433166604785204,350
filtered,102,-1.0,random,500,0.5,group,2026,55,0.47377341423586555,299
filtered,102,-1.0,random,500,0.5,group,2026,56,0.47294349378467354,255
filtered,102,-1.0,random,500,0.5,group,2026,57,0.472567140475865,213
filtered,102,-1.0,random,500,0.5,group,2026,58,0.4720773364655641,175
filtered,102,-1.0,random,500,0.5,group,2026,59,0.47177172329049544,149
filtered,102,-1.0,random,500,0.5,group,2026,60,0.4702109653130794,132
filtered,102,-1.0,random,500,0.5,group,2026,61,0.4692909584007099,114
filtered,102,-1.0,random,500,0.5,group,2026,62,0.4674103667454926,99
filtered,102,-1.0,random,500,0.5,group,2026,63,0.46747740614373706,77
filtered,102,-1.0,random,500,0.5,group,2026,64,0.4678231658695889,58
filtered,102,-1.0,random,500,0.5,group,2026,65,0.46853264318456517,43
filtered,102,-1.0,random,500,0.5,group,2026,66,0.46718792427836775,39
filtered,102,-1.0,random,500,0.5,group,2026,67,0.46578972130363067,34
filtered,102,-1.0,random,500,0.5,group,2026,68,0.4663586011431762,24
filtered,102,-1.0,random,500,0.5,group,2026,69,0.4666277777523063,19
filtered,102,-1.0,random,500,0.5,group,2026,70,0.46630821685109947,16
filtered,102,-1.0,random,500,0.5,group,2026,71,0.46850081274115213,10
filtered,102,-1.0,random,500,0.5,group,2026,72,0.46965784238344127,7
filtered,102,-1.0,random,500,0.5,group,2026,73,0.47136885703684805,5
filtered,102,-1.0,random,500,0.5,group,2026,74,0.47522117513872375,4
filtered,102,-1.0,random,500,0.5,group,2026,75,0.4729840097299425,4
filtered,102,-1.0,random,500,0.5,group,2026,76,0.46883384270697714,4
filtered,102,-1.0,random,500,0.5,group,2026,77,0.470058348063616,3
filtered,102,-1.0,random,500,0.5,group,2026,78,0.4662377304408514,3
filtered,102,-1.0,random,500,0.5,group,2026,79,0.47157783876848397,2
filtered,102,-1.0,random,500,0.5,group,2026,80,0.4736865646186612,1
filtered,102,-1.0,random,500,0.5,group,2026,81,0.46854515896240745,1
filtered,102,-1.0,random,500,0.5,group,2026,82,0.4682131497781586,1
filtered,102,-1.0,random,500,0.5,group,2026,83,0.46622085025083404,1
filtered,102,-1.0,random,500,0.5,group,2026,84,0.4646876167622492,1
filtered,102,-1.0,random,500,0.5,group,2026,85,0.4645692323515247,1
filtered,102,-1.0,random,500,0.5,group,2026,86,0.45510161990496073,1
