pool,pool_size,theta,arm,draws,tau,fit_slope,seed,item_idx,count
full,204,-1.0,adaptive,500,0.5,group,2026,0,173
full,204,-1.0,adaptive,500,0.5,group,2026,1,161
full,204,-1.0,adaptive,500,0.5,group,2026,2,104
full,204,-1.0,adaptive,500,0.5,group,2026,3,166
full,204,-1.0,adaptive,500,0.5,group,2026,4,197
full,204,-1.0,adaptive,500,0.5,group,2026,5,114
full,204,-1.0,adaptive,500,0.5,group,2026,6,154
full,204,-1.0,adaptive,500,0.5,group,2026,7,151
full,204,-1.0,adaptive,500,0.5,group,2026,8,166
full,204,-1.0,adaptive,500,0.5,group,2026,9,181
full,204,-1.0,adaptive,500,0.5,group,2026,10,196
full,204,-1.0,adaptive,500,0.5,group,2026,11,186
full,204,-1.0,adaptive,500,0.5,group,2026,12,159
full,204,-1.0,adaptive,500,0.5,group,2026,13,165
full,204,-1.0,adaptive,500,0.5,group,2026,14,176
full,204,-1.0,adaptive,500,0.5,group,2026,15,128
full,204,-1.0,adaptive,500,0.5,group,2026,16,181
full,204,-1.0,adaptive,500,0.5,group,2026,17,89
full,204,-1.0,adaptive,500,0.5,group,2026,18,168
full,204,-1.0,adaptive,500,0.5,group,2026,19,172
full,204,-1.0,adaptive,500,0.5,group,2026,20,158
full,204,-1.0,adaptive,500,0.5,group,2026,21,187
full,204,-1.0,adaptive,500,0.5,group,2026,22,197
full,204,-1.0,adaptive,500,0.5,group,2026,23,166
full,204,-1.0,adaptive,500,0.5,group,2026,24,202
full,204,-1.0,adaptive,500,0.5,group,2026,25,66
full,204,-1.0,adaptive,500,0.5,group,2026,26,171
full,204,-1.0,adaptive,500,0.5,group,2026,27,183
full,204,-1.0,adaptive,500,0.5,group,2026,28,204
full,204,-1.0,adaptive,500,0.5,group,2026,29,123
full,204,-1.0,adaptive,500,0.5,group,2026,30,191
full,204,-1.0,adaptive,500,0.5,group,2026,31,160
full,204,-1.0,adaptive,500,0.5,group,2026,32,177
full,204,-1.0,adaptive,500,0.5,group,2026,33,176
full,204,-1.0,adaptive,500,0.5,group,2026,34,182
full,204,-1.0,adaptive,500,0.5,group,2026,35,160
full,204,-1.0,adaptive,500,0.5,group,2026,36,184
full,204,-1.0,adaptive,500,0.5,group,2026,37,188
full,204,-1.0,adaptive,500,0.5,group,2026,38,78
full,204,-1.0,adaptive,500,0.5,group,2026,39,187
full,204,-1.0,adaptive,500,0.5,group,2026,40,181
full,204,-1.0,adaptive,500,0.5,group,2026,41,178
full,204,-1.0,adaptive,500,0.5,group,2026,42,179
full,204,-1.0,adaptive,500,0.5,group,2026,43,189
full,204,-1.0,adaptive,500,0.5,group,2026,44,124
full,204,-1.0,adaptive,500,0.5,group,2026,45,126
full,204,-1.0,adaptive,500,0.5,group,2026,46,141
full,204,-1.0,adaptive,500,0.5,group,2026,47,114
full,204,-1.0,adaptive,500,0.5,group,2026,48,173
full,204,-1.0,adaptive,500,0.5,group,2026,49,182
full,204,-1.0,adaptive,500,0.5,group,2026,50,170
full,204,-1.0,adaptive,500,0.5,group,2026,51,205
full,204,-1.0,adaptive,500,0.5,group,2026,52,172
full,204,-1.0,adaptive,500,0.5,group,2026,53,170
full,204,-1.0,adaptive,500,0.5,group,2026,54,193
full,204,-1.0,adaptive,500,0.5,group,2026,55,77
full,204,-1.0,adaptive,500,0.5,group,2026,56,136
full,204,-1.0,adaptive,500,0.5,group,2026,57,160
full,204,-1.0,adaptive,500,0.5,group,2026,58,95
full,204,-1.0,adaptive,500,0.5,group,2026,59,88
full,204,-1.0,adaptive,500,0.5,group,2026,60,173
full,204,-1.0,adaptive,500,0.5,group,2026,61,161
full,204,-1.0,adaptive,500,0.5,group,2026,62,177
full,204,-1.0,adaptive,500,0.5,group,2026,63,115
full,204,-1.0,adaptive,500,0.5,group,2026,64,158
full,204,-1.0,adaptive,500,0.5,group,2026,65,83
full,204,-1.0,adaptive,500,0.5,group,2026,66,108
full,204,-1.0,adaptive,500,0.5,group,2026,67,163
full,204,-1.0,adaptive,500,0.5,group,2026,68,153
full,204,-1.0,adaptive,500,0.5,group,2026,69,63
full,204,-1.0,adaptive,500,0.5,group,2026,70,64
full,204,-1.0,adaptive,500,0.5,group,2026,71,143
full,204,-1.0,adaptive,500,0.5,group,2026,72,177
full,204,-1.0,adaptive,500,0.5,group,2026,73,176
full,204,-1.0,adaptive,500,0.5,group,2026,74,129
full,204,-1.0,adaptive,500,0.5,group,2026,75,117
full,204,-1.0,adaptive,500,0.5,group,2026,76,112
full,204,-1.0,adaptive,500,0.5,group,2026,77,85
full,204,-1.0,adaptive,500,0.5,group,2026,78,115
full,204,-1.0,adaptive,500,0.5,group,2026,79,184
full,204,-1.0,adaptive,500,0.5,group,2026,80,173
full,204,-1.0,adaptive,500,0.5,group,2026,81,71
full,204,-1.0,adaptive,500,0.5,group,2026,82,151
full,204,-1.0,adaptive,500,0.5,group,2026,83,160
full,204,-1.0,adaptive,500,0.5,group,2026,84,180
full,204,-1.0,adaptive,500,0.5,group,2026,85,194
full,204,-1.0,adaptive,500,0.5,group,2026,86,127
full,204,-1.0,adaptive,500,0.5,group,2026,87,175
full,204,-1.0,adaptive,500,0.5,group,2026,88,198
full,204,-1.0,adaptive,500,0.5,group,2026,89,75
full,204,-1.0,adaptive,500,0.5,group,2026,90,191
full,204,-1.0,adaptive,500,0.5,group,2026,91,167
full,204,-1.0,adaptive,500,0.5,group,2026,92,174
full,204,-1.0,adaptive,500,0.5,group,2026,93,114
full,204,-1.0,adaptive,500,0.5,group,2026,94,168
full,204,-1.0,adaptive,500,0.5,group,2026,95,71
full,204,-1.0,adaptive,500,0.5,group,2026,96,191
full,204,-1.0,adaptive,500,0.5,group,2026,97,173
full,204,-1.0,adaptive,500,0.5,group,2026,98,162
full,204,-1.0,adaptive,500,0.5,group,2026,99,116
full,204,-1.0,adaptive,500,0.5,group,2026,100,142
full,204,-1.0,adaptive,500,0.5,group,2026,101,59
full,204,-1.0,adaptive,500,0.5,group,2026,102,197
full,204,-1.0,adaptive,500,0.5,group,2026,103,176
full,204,-1.0,adaptive,500,0.5,group,2026,104,133
full,204,-1.0,adaptive,500,0.5,group,2026,105,137
full,204,-1.0,adaptive,500,0.5,group,2026,106,168
full,204,-1.0,adaptive,500,0.5,group,2026,107,192
full,204,-1.0,adaptive,500,0.5,group,2026,108,183
full,204,-1.0,adaptive,500,0.5,group,2026,109,155
full,204,-1.0,adaptive,500,0.5,group,2026,110,199
full,204,-1.0,adaptive,500,0.5,group,2026,111,171
full,204,-1.0,adaptive,500,0.5,group,2026,112,120
full,204,-1.0,adaptive,500,0.5,group,2026,113,203
full,204,-1.0,adaptive,500,0.5,group,2026,114,173
full,204,-1.0,adaptive,500,0.5,group,2026,115,194
full,204,-1.0,adaptive,500,0.5,group,2026,116,186
full,204,-1.0,adaptive,500,0.5,group,2026,117,175
full,204,-1.0,adaptive,500,0.5,group,2026,118,131
full,204,-1.0,adaptive,500,0.5,group,2026,119,120
full,204,-1.0,adaptive,500,0.5,group,2026,120,173
full,204,-1.0,adaptive,500,0.5,group,2026,121,178
full,204,-1.0,adaptive,500,0.5,group,2026,122,180
full,204,-1.0,adaptive,500,0.5,group,2026,123,171
full,204,-1.0,adaptive,500,0.5,group,2026,124,187
full,204,-1.0,adaptive,500,0.5,group,2026,125,175
full,204,-1.0,adaptive,500,0.5,group,2026,126,172
full,204,-1.0,adaptive,500,0.5,group,2026,127,174
full,204,-1.0,adaptive,500,0.5,group,2026,128,148
full,204,-1.0,adaptive,500,0.5,group,2026,129,176
full,204,-1.0,adaptive,500,0.5,group,2026,130,192
full,204,-1.0,adaptive,500,0.5,group,2026,131,108
full,204,-1.0,adaptive,500,0.5,group,2026,132,173
full,204,-1.0,adaptive,500,0.5,group,2026,133,190
full,204,-1.0,adaptive,500,0.5,group,2026,134,186
full,204,-1.0,adaptive,500,0.5,group,2026,135,176
full,204,-1.0,adaptive,500,0.5,group,2026,136,195
full,204,-1.0,adaptive,500,0.5,group,2026,137,163
full,204,-1.0,adaptive,500,0.5,group,2026,138,173
full,204,-1.0,adaptive,500,0.5,group,2026,139,167
full,204,-1.0,adaptive,500,0.5,group,2026,140,155
full,204,-1.0,adaptive,500,0.5,group,2026,141,100
full,204,-1.0,adaptive,500,0.5,group,2026,142,193
full,204,-1.0,adaptive,500,0.5,group,2026,143,172
full,204,-1.0,adaptive,500,0.5,group,2026,144,179
full,204,-1.0,adaptive,500,0.5,group,2026,145,179
full,204,-1.0,adaptive,500,0.5,group,2026,146,158
full,204,-1.0,adaptive,500,0.5,group,2026,147,157
full,204,-1.0,adaptive,500,0.5,group,2026,148,68
full,204,-1.0,adaptive,500,0.5,group,2026,149,91
full,204,-1.0,adaptive,500,0.5,group,2026,150,175
full,204,-1.0,adaptive,500,0.5,group,2026,151,182
full,204,-1.0,adaptive,500,0.5,group,2026,152,187
full,204,-1.0,adaptive,500,0.5,group,2026,153,167
full,204,-1.0,adaptive,500,0.5,group,2026,154,175
full,204,-1.0,adaptive,500,0.5,group,2026,155,162
full,204,-1.0,adaptive,500,0.5,group,2026,156,178
full,204,-1.0,adaptive,500,0.5,group,2026,157,178
full,204,-1.0,adaptive,500,0.5,group,2026,158,79
full,204,-1.0,adaptive,500,0.5,group,2026,159,144
full,204,-1.0,adaptive,500,0.5,group,2026,160,131
full,204,-1.0,adaptive,500,0.5,group,2026,161,79
full,204,-1.0,adaptive,500,0.5,group,2026,162,177
full,204,-1.0,adaptive,500,0.5,group,2026,163,172
full,204,-1.0,adaptive,500,0.5,group,2026,164,171
full,204,-1.0,adaptive,500,0.5,group,2026,165,139
full,204,-1.0,adaptive,500,0.5,group,2026,166,102
full,204,-1.0,adaptive,500,0.5,group,2026,167,177
full,204,-1.0,adaptive,500,0.5,group,2026,168,138
full,204,-1.0,adaptive,500,0.5,group,2026,169,144
full,204,-1.0,adaptive,500,0.5,group,2026,170,161
full,204,-1.0,adaptive,500,0.5,group,2026,171,92
full,204,-1.0,adaptive,500,0.5,group,2026,172,95
full,204,-1.0,adaptive,500,0.5,group,2026,173,142
full,204,-1.0,adaptive,500,0.5,group,2026,174,203
full,204,-1.0,adaptive,500,0.5,group,2026,175,159
full,204,-1.0,adaptive,500,0.5,group,2026,176,181
full,204,-1.0,adaptive,500,0.5,group,2026,177,178
full,204,-1.0,adaptive,500,0.5,group,2026,178,149
full,204,-1.0,adaptive,500,0.5,group,2026,179,130
full,204,-1.0,adaptive,500,0.5,group,2026,180,131
full,204,-1.0,adaptive,500,0.5,group,2026,181,144
full,204,-1.0,adaptive,500,0.5,group,2026,182,174
full,204,-1.0,adaptive,500,0.5,group,2026,183,170
full,204,-1.0,adaptive,500,0.5,group,2026,184,130
full,204,-1.0,adaptive,500,0.5,group,2026,185,169
full,204,-1.0,adaptive,500,0.5,group,2026,186,149
full,204,-1.0,adaptive,500,0.5,group,2026,187,171
full,204,-1.0,adaptive,500,0.5,group,2026,188,171
full,204,-1.0,adaptive,500,0.5,group,2026,189,137
full,204,-1.0,adaptive,500,0.5,group,2026,190,164
full,204,-1.0,adaptive,500,0.5,group,2026,191,187
full,204,-1.0,adaptive,500,0.5,group,2026,192,103
full,204,-1.0,adaptive,500,0.5,group,2026,193,180
full,204,-1.0,adaptive,500,0.5,group,2026,194,168
full,204,-1.0,adaptive,500,0.5,group,2026,195,121
full,204,-1.0,adaptive,500,0.5,group,2026,196,133
full,204,-1.0,adaptive,500,0.5,group,2026,197,169
full,204,-1.0,adaptive,500,0.5,group,2026,198,101
full,204,-1.0,adaptive,500,0.5,group,2026,199,178
full,204,-1.0,adaptive,500,0.5,group,2026,200,149
full,204,-1.0,adaptive,500,0.5,group,2026,201,107
full,204,-1.0,adaptive,500,0.5,group,2026,202,73
full,204,-1.0,adaptive,500,0.5,group,2026,203,94
full,204,-1.0,random,500,0.5,group,2026,0,261
full,204,-1.0,random,500,0.5,group,2026,1,257
full,204,-1.0,random,500,0.5,group,2026,2,254
full,204,-1.0,random,500,0.5,group,2026,3,248
full,204,-1.0,random,500,0.5,group,2026,4,256
full,204,-1.0,random,500,0.5,group,2026,5,247
full,204,-1.0,random,500,0.5,group,2026,6,248
full,204,-1.0,random,500,0.5,group,2026,7,237
full,204,-1.0,random,500,0.5,group,2026,8,262
full,204,-1.0,random,500,0.5,group,2026,9,226
full,204,-1.0,random,500,0.5,group,2026,10,264
full,204,-1.0,random,500,0.5,group,2026,11,240
full,204,-1.0,random,500,0.5,group,2026,12,253
full,204,-1.0,random,500,0.5,group,2026,13,251
full,204,-1.0,random,500,0.5,group,2026,14,248
full,204,-1.0,random,500,0.5,group,2026,15,231
full,204,-1.0,random,500,0.5,group,2026,16,268
full,204,-1.0,random,500,0.5,group,2026,17,266
full,204,-1.0,random,500,0.5,group,2026,18,231
full,204,-1.0,random,500,0.5,group,2026,19,245
full,204,-1.0,random,500,0.5,group,2026,20,257
full,204,-1.0,random,500,0.5,group,2026,21,253
full,204,-1.0,random,500,0.5,group,2026,22,218
full,204,-1.0,random,500,0.5,group,2026,23,267
full,204,-1.0,random,500,0.5,group,2026,24,238
full,204,-1.0,random,500,0.5,group,2026,25,251
full,204,-1.0,random,500,0.5,group,2026,26,256
full,204,-1.0,random,500,0.5,group,2026,27,242
full,204,-1.0,random,500,0.5,group,2026,28,246
full,204,-1.0,random,500,0.5,group,2026,29,249
full,204,-1.0,random,500,0.5,group,2026,30,264
full,204,-1.0,random,500,0.5,group,2026,31,268
full,204,-1.0,random,500,0.5,group,2026,32,248
full,204,-1.0,random,500,0.5,group,2026,33,242
full,204,-1.0,random,500,0.5,group,2026,34,247
full,204,-1.0,random,500,0.5,group,2026,35,255
full,204,-1.0,random,500,0.5,group,2026,36,241
full,204,-1.0,random,500,0.5,group,2026,37,251
full,204,-1.0,random,500,0.5,group,2026,38,233
full,204,-1.0,random,500,0.5,group,2026,39,229
full,204,-1.0,random,500,0.5,group,2026,40,249
full,204,-1.0,random,500,0.5,group,2026,41,242
full,204,-1.0,random,500,0.5,group,2026,42,254
full,204,-1.0,random,500,0.5,group,2026,43,229
full,204,-1.0,random,500,0.5,group,2026,44,243
full,204,-1.0,random,500,0.5,group,2026,45,248
full,204,-1.0,random,500,0.5,group,2026,46,268
full,204,-1.0,random,500,0.5,group,2026,47,241
full,204,-1.0,random,500,0.5,group,2026,48,237
full,204,-1.0,random,500,0.5,group,2026,49,257
full,204,-1.0,random,500,0.5,group,2026,50,237
full,204,-1.0,random,500,0.5,group,2026,51,260
full,204,-1.0,random,500,0.5,group,2026,52,245
full,204,-1.0,random,500,0.5,group,2026,53,254
full,204,-1.0,random,500,0.5,group,2026,54,265
full,204,-1.0,random,500,0.5,group,2026,55,243
full,204,-1.0,random,500,0.5,group,2026,56,258
full,204,-1.0,random,500,0.5,group,2026,57,248
full,204,-1.0,random,500,0.5,group,2026,58,247
full,204,-1.0,random,500,0.5,group,2026,59,244
full,204,-1.0,random,500,0.5,group,2026,60,237
full,204,-1.0,random,500,0.5,group,2026,61,254
full,204,-1.0,random,500,0.5,group,2026,62,229
full,204,-1.0,random,500,0.5,group,2026,63,252
full,204,-1.0,random,500,0.5,group,2026,64,244
full,204,-1.0,random,500,0.5,group,2026,65,235
full,204,-1.0,random,500,0.5,group,2026,66,260
full,204,-1.0,random,500,0.5,group,2026,67,256
full,204,-1.0,random,500,0.5,group,2026,68,239
full,204,-1.0,random,500,0.5,group,2026,69,259
full,204,-1.0,random,500,0.5,group,2026,70,238
full,204,-1.0,random,500,0.5,group,2026,71,245
full,204,-1.0,random,500,0.5,group,2026,72,225
full,204,-1.0,random,500,0.5,group,2026,73,250
full,204,-1.0,random,500,0.5,group,2026,74,268
full,204,-1.0,random,500,0.5,group,2026,75,256
full,204,-1.0,random,500,0.5,group,2026,76,240
full,204,-1.0,random,500,0.5,group,2026,77,223
full,204,-1.0,random,500,0.5,group,2026,78,252
full,204,-1.0,random,500,0.5,group,2026,79,236
full,204,-1.0,random,500,0.5,group,2026,80,260
full,204,-1.0,random,500,0.5,group,2026,81,248
full,204,-1.0,random,500,0.5,group,2026,82,260
full,204,-1.0,random,500,0.5,group,2026,83,253
full,204,-1.0,random,500,0.5,group,2026,84,238
full,204,-1.0,random,500,0.5,group,2026,85,243
full,204,-1.0,random,500,0.5,group,2026,86,259
full,204,-1.0,random,500,0.5,group,2026,87,251
full,204,-1.0,random,500,0.5,group,2026,88,254
full,204,-1.0,random,500,0.5,group,2026,89,260
full,204,-1.0,random,500,0.5,group,2026,90,237
full,204,-1.0,random,500,0.5,group,2026,91,264
full,204,-1.0,random,500,0.5,group,2026,92,265
full,204,-1.0,random,500,0.5,group,2026,93,266
full,204,-1.0,random,500,0.5,group,2026,94,258
full,204,-1.0,random,500,0.5,group,2026,95,240
full,204,-1.0,random,500,0.5,group,2026,96,260
full,204,-1.0,random,500,0.5,group,2026,97,251
full,204,-1.0,random,500,0.5,group,2026,98,250
full,204,-1.0,random,500,0.5,group,2026,99,233
full,204,-1.0,random,500,0.5,group,2026,100,250
full,204,-1.0,random,500,0.5,group,2026,101,246
full,204,-1.0,random,500,0.5,group,2026,102,250
full,204,-1.0,random,500,0.5,group,2026,103,230
full,204,-1.0,random,500,0.5,group,2026,104,257
full,204,-1.0,random,500,0.5,group,2026,105,247
full,204,-1.0,random,500,0.5,group,2026,106,239
full,204,-1.0,random,500,0.5,group,2026,107,225
full,204,-1.0,random,500,0.5,group,2026,108,272
full,204,-1.0,random,500,0.5,group,2026,109,268
full,204,-1.0,random,500,0.5,group,2026,110,240
full,204,-1.0,random,500,0.5,group,2026,111,235
full,204,-1.0,random,500,0.5,group,2026,112,259
full,204,-1.0,random,500,0.5,group,2026,113,243
full,204,-1.0,random,500,0.5,group,2026,114,244
full,204,-1.0,random,500,0.5,group,2026,115,258
full,204,-1.0,random,500,0.5,group,2026,116,266
full,204,-1.0,random,500,0.5,group,2026,117,255
full,204,-1.0,random,500,0.5,group,2026,118,275
full,204,-1.0,random,500,0.5,group,2026,119,256
full,204,-1.0,random,500,0.5,group,2026,120,234
full,204,-1.0,random,500,0.5,group,2026,121,250
full,204,-1.0,random,500,0.5,group,2026,122,245
full,204,-1.0,random,500,0.5,group,2026,123,241
full,204,-1.0,random,500,0.5,group,2026,124,249
full,204,-1.0,random,500,0.5,group,2026,125,269
full,204,-1.0,random,500,0.5,group,2026,126,239
full,204,-1.0,random,500,0.5,group,2026,127,244
full,204,-1.0,random,500,0.5,group,2026,128,260
full,204,-1.0,random,500,0.5,group,2026,129,237
full,204,-1.0,random,500,0.5,group,2026,130,255
full,204,-1.0,random,500,0.5,group,2026,131,244
full,204,-1.0,random,500,0.5,group,2026,132,249
full,204,-1.0,random,500,0.5,group,2026,133,267
full,204,-1.0,random,500,0.5,group,2026,134,242
full,204,-1.0,random,500,0.5,group,2026,135,258
full,204,-1.0,random,500,0.5,group,2026,136,262
full,204,-1.0,random,500,0.5,group,2026,137,248
full,204,-1.0,random,500,0.5,group,2026,138,246
full,204,-1.0,random,500,0.5,group,2026,139,244
full,204,-1.0,random,500,0.5,group,2026,140,245
full,204,-1.0,random,500,0.5,group,2026,141,257
full,204,-1.0,random,500,0.5,group,2026,142,255
full,204,-1.0,random,500,0.5,group,2026,143,251
full,204,-1.0,random,500,0.5,group,2026,144,266
full,204,-1.0,random,500,0.5,group,2026,145,248
full,204,-1.0,random,500,0.5,group,2026,146,228
full,204,-1.0,random,500,0.5,group,2026,147,255
full,204,-1.0,random,500,0.5,group,2026,148,247
full,204,-1.0,random,500,0.5,group,2026,149,256
full,204,-1.0,random,500,0.5,group,2026,150,253
full,204,-1.0,random,500,0.5,group,2026,151,258
full,204,-1.0,random,500,0.5,group,2026,152,241
full,204,-1.0,random,500,0.5,group,2026,153,243
full,204,-1.0,random,500,0.5,group,2026,154,273
full,204,-1.0,random,500,0.5,group,2026,155,242
full,204,-1.0,random,500,0.5,group,2026,156,243
full,204,-1.0,random,500,0.5,group,2026,157,245
full,204,-1.0,random,500,0.5,group,2026,158,251
full,204,-1.0,random,500,0.5,group,2026,159,255
full,204,-1.0,random,500,0.5,group,2026,160,256
full,204,-1.0,random,500,0.5,group,2026,161,244
full,204,-1.0,random,500,0.5,group,2026,162,272
full,204,-1.0,random,500,0.5,group,2026,163,254
full,204,-1.0,random,500,0.5,group,2026,164,254
full,204,-1.0,random,500,0.5,group,2026,165,253
full,204,-1.0,random,500,0.5,group,2026,166,253
full,204,-1.0,random,500,0.5,group,2026,167,249
full,204,-1.0,random,500,0.5,group,2026,168,241
full,204,-1.0,random,500,0.5,group,2026,169,237
full,204,-1.0,random,500,0.5,group,2026,170,254
full,204,-1.0,random,500,0.5,group,2026,171,255
full,204,-1.0,random,500,0.5,group,2026,172,258
full,204,-1.0,random,500,0.5,group,2026,173,274
full,204,-1.0,random,500,0.5,group,2026,174,249
full,204,-1.0,random,500,0.5,group,2026,175,248
full,204,-1.0,random,500,0.5,group,2026,176,260
full,204,-1.0,random,500,0.5,group,2026,177,256
full,204,-1.0,random,500,0.5,group,2026,178,246
full,204,-1.0,random,500,0.5,group,2026,179,236
full,204,-1.0,random,500,0.5,group,2026,180,231
full,204,-1.0,random,500,0.5,group,2026,181,245
full,204,-1.0,random,500,0.5,group,2026,182,245
full,204,-1.0,random,500,0.5,group,2026,183,262
full,204,-1.0,random,500,0.5,group,2026,184,237
full,204,-1.0,random,500,0.5,group,2026,185,260
full,204,-1.0,random,500,0.5,group,2026,186,255
full,204,-1.0,random,500,0.5,group,2026,187,241
full,204,-1.0,random,500,0.5,group,2026,188,255
full,204,-1.0,random,500,0.5,group,2026,189,241
full,204,-1.0,random,500,0.5,group,2026,190,266
full,204,-1.0,random,500,0.5,group,2026,191,255
full,204,-1.0,random,500,0.5,group,2026,192,254
full,204,-1.0,random,500,0.5,group,2026,193,266
full,204,-1.0,random,500,0.5,group,2026,194,264
full,204,-1.0,random,500,0.5,group,2026,195,247
full,204,-1.0,random,500,0.5,group,2026,196,230
full,204,-1.0,random,500,0.5,group,2026,197,263
full,204,-1.0,random,500,0.5,group,2026,198,260
full,204,-1.0,random,500,0.5,group,2026,199,254
full,204,-1.0,random,500,0.5,group,2026,200,264
full,204,-1.0,random,500,0.5,group,2026,201,255
full,204,-1.0,random,500,0.5,group,2026,202,261
full,204,-1.0,random,500,0.5,group,2026,203,265
full,204,0.0,adaptive,500,0.5,group,2026,0,149
full,204,0.0,adaptive,500,0.5,group,2026,1,205
full,204,0.0,adaptive,500,0.5,group,2026,2,223
full,204,0.0,adaptive,500,0.5,group,2026,3,142
full,204,0.0,adaptive,500,0.5,group,2026,4,182
full,204,0.0,adaptive,500,0.5,group,2026,5,199
full,204,0.0,adaptive,500,0.5,group,2026,6,137
full,204,0.0,adaptive,500,0.5,group,2026,7,128
full,204,0.0,adaptive,500,0.5,group,2026,8,139
full,204,0.0,adaptive,500,0.5,group,2026,9,125
full,204,0.0,adaptive,500,0.5,group,2026,10,176
full,204,0.0,adaptive,500,0.5,group,2026,11,192
full,204,0.0,adaptive,500,0.5,group,2026,12,135
full,204,0.0,adaptive,500,0.5,group,2026,13,142
full,204,0.0,adaptive,500,0.5,group,2026,14,218
full,204,0.0,adaptive,500,0.5,group,2026,15,201
full,204,0.0,adaptive,500,0.5,group,2026,16,191
full,204,0.0,adaptive,500,0.5,group,2026,17,178
full,204,0.0,adaptive,500,0.5,group,2026,18,161
full,204,0.0,adaptive,500,0.5,group,2026,19,132
full,204,0.0,adaptive,500,0.5,group,2026,20,137
full,204,0.0,adaptive,500,0.5,group,2026,21,172
full,204,0.0,adaptive,500,0.5,group,2026,22,175
full,204,0.0,adaptive,500,0.5,group,2026,23,120
full,204,0.0,adaptive,500,0.5,group,2026,24,202
full,204,0.0,adaptive,500,0.5,group,2026,25,199
full,204,0.0,adaptive,500,0.5,group,2026,26,212
full,204,0.0,adaptive,500,0.5,group,2026,27,165
full,204,0.0,adaptive,500,0.5,group,2026,28,211
full,204,0.0,adaptive,500,0.5,group,2026,29,187
full,204,0.0,adaptive,500,0.5,group,2026,30,177
full,204,0.0,adaptive,500,0.5,group,2026,31,140
full,204,0.0,adaptive,500,0.5,group,2026,32,195
full,204,0.0,adaptive,500,0.5,group,2026,33,171
full,204,0.0,adaptive,500,0.5,group,2026,34,183
full,204,0.0,adaptive,500,0.5,group,2026,35,127
full,204,0.0,adaptive,500,0.5,group,2026,36,195
full,204,0.0,adaptive,500,0.5,group,2026,37,172
full,204,0.0,adaptive,500,0.5,group,2026,38,195
full,204,0.0,adaptive,500,0.5,group,2026,39,171
full,204,0.0,adaptive,500,0.5,group,2026,40,183
full,204,0.0,adaptive,500,0.5,group,2026,41,181
full,204,0.0,adaptive,500,0.5,group,2026,42,159
full,204,0.0,adaptive,500,0.5,group,2026,43,207
full,204,0.0,adaptive,500,0.5,group,2026,44,206
full,204,0.0,adaptive,500,0.5,group,2026,45,212
full,204,0.0,adaptive,500,0.5,group,2026,46,118
full,204,0.0,adaptive,500,0.5,group,2026,47,198
full,204,0.0,adaptive,500,0.5,group,2026,48,178
full,204,0.0,adaptive,500,0.5,group,2026,49,125
full,204,0.0,adaptive,500,0.5,group,2026,50,196
full,204,0.0,adaptive,500,0.5,group,2026,51,169
full,204,0.0,adaptive,500,0.5,group,2026,52,161
full,204,0.0,adaptive,500,0.5,group,2026,53,147
full,204,0.0,adaptive,500,0.5,group,2026,54,156
full,204,0.0,adaptive,500,0.5,group,2026,55,184
full,204,0.0,adaptive,500,0.5,group,2026,56,219
full,204,0.0,adaptive,500,0.5,group,2026,57,143
full,204,0.0,adaptive,500,0.5,group,2026,58,197
full,204,0.0,adaptive,500,0.5,group,2026,59,194
full,204,0.0,adaptive,500,0.5,group,2026,60,199
full,204,0.0,adaptive,500,0.5,group,2026,61,121
full,204,0.0,adaptive,500,0.5,group,2026,62,202
full,204,0.0,adaptive,500,0.5,group,2026,63,185
full,204,0.0,adaptive,500,0.5,group,2026,64,123
full,204,0.0,adaptive,500,0.5,group,2026,65,208
full,204,0.0,adaptive,500,0.5,group,2026,66,174
full,204,0.0,adaptive,500,0.5,group,2026,67,137
full,204,0.0,adaptive,500,0.5,group,2026,68,119
full,204,0.0,adaptive,500,0.5,group,2026,69,188
full,204,0.0,adaptive,500,0.5,group,2026,70,192
full,204,0.0,adaptive,500,0.5,group,2026,71,213
full,204,0.0,adaptive,500,0.5,group,2026,72,193
full,204,0.0,adaptive,500,0.5,group,2026,73,196
full,204,0.0,adaptive,500,0.5,group,2026,74,122
full,204,0.0,adaptive,500,0.5,group,2026,75,187
full,204,0.0,adaptive,500,0.5,group,2026,76,207
full,204,0.0,adaptive,500,0.5,group,2026,77,191
full,204,0.0,adaptive,500,0.5,group,2026,78,187
full,204,0.0,adaptive,500,0.5,group,2026,79,173
full,204,0.0,adaptive,500,0.5,group,2026,80,189
full,204,0.0,adaptive,500,0.5,group,2026,81,196
full,204,0.0,adaptive,500,0.5,group,2026,82,138
full,204,0.0,adaptive,500,0.5,group,2026,83,125
full,204,0.0,adaptive,500,0.5,group,2026,84,171
full,204,0.0,adaptive,500,0.5,group,2026,85,190
full,204,0.0,adaptive,500,0.5,group,2026,86,195
full,204,0.0,adaptive,500,0.5,group,2026,87,155
full,204,0.0,adaptive,500,0.5,group,2026,88,203
full,204,0.0,adaptive,500,0.5,group,2026,89,202
full,204,0.0,adaptive,500,0.5,group,2026,90,198
full,204,0.0,adaptive,500,0.5,group,2026,91,174
full,204,0.0,adaptive,500,0.5,group,2026,92,182
full,204,0.0,adaptive,500,0.5,group,2026,93,208
full,204,0.0,adaptive,500,0.5,group,2026,94,199
full,204,0.0,adaptive,500,0.5,group,2026,95,171
full,204,0.0,adaptive,500,0.5,group,2026,96,194
full,204,0.0,adaptive,500,0.5,group,2026,97,149
full,204,0.0,adaptive,500,0.5,group,2026,98,191
full,204,0.0,adaptive,500,0.5,group,2026,99,178
full,204,0.0,adaptive,500,0.5,group,2026,100,197
full,204,0.0,adaptive,500,0.5,group,2026,101,186
full,204,0.0,adaptive,500,0.5,group,2026,102,163
full,204,0.0,adaptive,500,0.5,group,2026,103,157
full,204,0.0,adaptive,500,0.5,group,2026,104,205
full,204,0.0,adaptive,500,0.5,group,2026,105,213
full,204,0.0,adaptive,500,0.5,group,2026,106,190
full,204,0.0,adaptive,500,0.5,group,2026,107,184
full,204,0.0,adaptive,500,0.5,group,2026,108,156
full,204,0.0,adaptive,500,0.5,group,2026,109,160
full,204,0.0,adaptive,500,0.5,group,2026,110,192
full,204,0.0,adaptive,500,0.5,group,2026,111,170
full,204,0.0,adaptive,500,0.5,group,2026,112,184
full,204,0.0,adaptive,500,0.5,group,2026,113,162
full,204,0.0,adaptive,500,0.5,group,2026,114,190
full,204,0.0,adaptive,500,0.5,group,2026,115,208
full,204,0.0,adaptive,500,0.5,group,2026,116,155
full,204,0.0,adaptive,500,0.5,group,2026,117,193
full,204,0.0,adaptive,500,0.5,group,2026,118,196
full,204,0.0,adaptive,500,0.5,group,2026,119,206
full,204,0.0,adaptive,500,0.5,group,2026,120,161
full,204,0.0,adaptive,500,0.5,group,2026,121,145
full,204,0.0,adaptive,500,0.5,group,2026,122,170
full,204,0.0,adaptive,500,0.5,group,2026,123,150
full,204,0.0,adaptive,500,0.5,group,2026,124,158
full,204,0.0,adaptive,500,0.5,group,2026,125,173
full,204,0.0,adaptive,500,0.5,group,2026,126,168
full,204,0.0,adaptive,500,0.5,group,2026,127,147
full,204,0.0,adaptive,500,0.5,group,2026,128,194
full,204,0.0,adaptive,500,0.5,group,2026,129,151
full,204,0.0,adaptive,500,0.5,group,2026,130,192
full,204,0.0,adaptive,500,0.5,group,2026,131,201
full,204,0.0,adaptive,500,0.5,group,2026,132,143
full,204,0.0,adaptive,500,0.5,group,2026,133,154
full,204,0.0,adaptive,500,0.5,group,2026,134,191
full,204,0.0,adaptive,500,0.5,group,2026,135,150
full,204,0.0,adaptive,500,0.5,group,2026,136,203
full,204,0.0,adaptive,500,0.5,group,2026,137,144
full,204,0.0,adaptive,500,0.5,group,2026,138,154
full,204,0.0,adaptive,500,0.5,group,2026,139,145
full,204,0.0,adaptive,500,0.5,group,2026,140,147
full,204,0.0,adaptive,500,0.5,group,2026,141,202
full,204,0.0,adaptive,500,0.5,group,2026,142,164
full,204,0.0,adaptive,500,0.5,group,2026,143,228
full,204,0.0,adaptive,500,0.5,group,2026,144,199
full,204,0.0,adaptive,500,0.5,group,2026,145,142
full,204,0.0,adaptive,500,0.5,group,2026,146,136
full,204,0.0,adaptive,500,0.5,group,2026,147,212
full,204,0.0,adaptive,500,0.5,group,2026,148,179
full,204,0.0,adaptive,500,0.5,group,2026,149,204
full,204,0.0,adaptive,500,0.5,group,2026,150,167
full,204,0.0,adaptive,500,0.5,group,2026,151,144
full,204,0.0,adaptive,500,0.5,group,2026,152,204
full,204,0.0,adaptive,500,0.5,group,2026,153,194
full,204,0.0,adaptive,500,0.5,group,2026,154,155
full,204,0.0,adaptive,500,0.5,group,2026,155,154
full,204,0.0,adaptive,500,0.5,group,2026,156,130
full,204,0.0,adaptive,500,0.5,group,2026,157,207
full,204,0.0,adaptive,500,0.5,group,2026,158,207
full,204,0.0,adaptive,500,0.5,group,2026,159,194
full,204,0.0,adaptive,500,0.5,group,2026,160,201
full,204,0.0,adaptive,500,0.5,group,2026,161,186
full,204,0.0,adaptive,500,0.5,group,2026,162,155
full,204,0.0,adaptive,500,0.5,group,2026,163,152
full,204,0.0,adaptive,500,0.5,group,2026,164,151
full,204,0.0,adaptive,500,0.5,group,2026,165,200
full,204,0.0,adaptive,500,0.5,group,2026,166,196
full,204,0.0,adaptive,500,0.5,group,2026,167,199
full,204,0.0,adaptive,500,0.5,group,2026,168,225
full,204,0.0,adaptive,500,0.5,group,2026,169,203
full,204,0.0,adaptive,500,0.5,group,2026,170,143
full,204,0.0,adaptive,500,0.5,group,2026,171,187
full,204,0.0,adaptive,500,0.5,group,2026,172,196
full,204,0.0,adaptive,500,0.5,group,2026,173,194
full,204,0.0,adaptive,500,0.5,group,2026,174,184
full,204,0.0,adaptive,500,0.5,group,2026,175,155
full,204,0.0,adaptive,500,0.5,group,2026,176,200
full,204,0.0,adaptive,500,0.5,group,2026,177,136
full,204,0.0,adaptive,500,0.5,group,2026,178,146
full,204,0.0,adaptive,500,0.5,group,2026,179,223
full,204,0.0,adaptive,500,0.5,group,2026,180,183
full,204,0.0,adaptive,500,0.5,group,2026,181,193
full,204,0.0,adaptive,500,0.5,group,2026,182,205
full,204,0.0,adaptive,500,0.5,group,2026,183,190
full,204,0.0,adaptive,500,0.5,group,2026,184,197
full,204,0.0,adaptive,500,0.5,group,2026,185,142
full,204,0.0,adaptive,500,0.5,group,2026,186,138
full,204,0.0,adaptive,500,0.5,group,2026,187,184
full,204,0.0,adaptive,500,0.5,group,2026,188,192
full,204,0.0,adaptive,500,0.5,group,2026,189,206
full,204,0.0,adaptive,500,0.5,group,2026,190,203
full,204,0.0,adaptive,500,0.5,group,2026,191,181
full,204,0.0,adaptive,500,0.5,group,2026,192,205
full,204,0.0,adaptive,500,0.5,group,2026,193,208
full,204,0.0,adaptive,500,0.5,group,2026,194,164
full,204,0.0,adaptive,500,0.5,group,2026,195,195
full,204,0.0,adaptive,500,0.5,group,2026,196,202
full,204,0.0,adaptive,500,0.5,group,2026,197,193
full,204,0.0,adaptive,500,0.5,group,2026,198,206
full,204,0.0,adaptive,500,0.5,group,2026,199,182
full,204,0.0,adaptive,500,0.5,group,2026,200,127
full,204,0.0,adaptive,500,0.5,group,2026,201,200
full,204,0.0,adaptive,500,0.5,group,2026,202,182
full,204,0.0,adaptive,500,0.5,group,2026,203,202
full,204,0.0,random,500,0.5,group,2026,0,246
full,204,0.0,random,500,0.5,group,2026,1,245
full,204,0.0,random,500,0.5,group,2026,2,265
full,204,0.0,random,500,0.5,group,2026,3,220
full,204,0.0,random,500,0.5,group,2026,4,247
full,204,0.0,random,500,0.5,group,2026,5,266
full,204,0.0,random,500,0.5,group,2026,6,251
full,204,0.0,random,500,0.5,group,2026,7,244
full,204,0.0,random,500,0.5,group,2026,8,249
full,204,0.0,random,500,0.5,group,2026,9,246
full,204,0.0,random,500,0.5,group,2026,10,249
full,204,0.0,random,500,0.5,group,2026,11,244
full,204,0.0,random,500,0.5,group,2026,12,248
full,204,0.0,random,500,0.5,group,2026,13,271
full,204,0.0,random,500,0.5,group,2026,14,258
full,204,0.0,random,500,0.5,group,2026,15,243
full,204,0.0,random,500,0.5,group,2026,16,235
full,204,0.0,random,500,0.5,group,2026,17,266
full,204,0.0,random,500,0.5,group,2026,18,249
full,204,0.0,random,500,0.5,group,2026,19,245
full,204,0.0,random,500,0.5,group,2026,20,246
full,204,0.0,random,500,0.5,group,2026,21,233
full,204,0.0,random,500,0.5,group,2026,22,255
full,204,0.0,random,500,0.5,group,2026,23,255
full,204,0.0,random,500,0.5,group,2026,24,228
full,204,0.0,random,500,0.5,group,2026,25,259
full,204,0.0,random,500,0.5,group,2026,26,241
full,204,0.0,random,500,0.5,group,2026,27,253
full,204,0.0,random,500,0.5,group,2026,28,255
full,204,0.0,random,500,0.5,group,2026,29,271
full,204,0.0,random,500,0.5,group,2026,30,240
full,204,0.0,random,500,0.5,group,2026,31,230
full,204,0.0,random,500,0.5,group,2026,32,243
full,204,0.0,random,500,0.5,group,2026,33,227
full,204,0.0,random,500,0.5,group,2026,34,253
full,204,0.0,random,500,0.5,group,2026,35,242
full,204,0.0,random,500,0.5,group,2026,36,278
full,204,0.0,random,500,0.5,group,2026,37,233
full,204,0.0,random,500,0.5,group,2026,38,236
full,204,0.0,random,500,0.5,group,2026,39,255
full,204,0.0,random,500,0.5,group,2026,40,236
full,204,0.0,random,500,0.5,group,2026,41,268
full,204,0.0,random,500,0.5,group,2026,42,242
full,204,0.0,random,500,0.5,group,2026,43,233
full,204,0.0,random,500,0.5,group,2026,44,240
full,204,0.0,random,500,0.5,group,2026,45,233
full,204,0.0,random,500,0.5,group,2026,46,242
full,204,0.0,random,500,0.5,group,2026,47,226
full,204,0.0,random,500,0.5,group,2026,48,257
full,204,0.0,random,500,0.5,group,2026,49,259
full,204,0.0,random,500,0.5,group,2026,50,264
full,204,0.0,random,500,0.5,group,2026,51,244
full,204,0.0,random,500,0.5,group,2026,52,260
full,204,0.0,random,500,0.5,group,2026,53,247
full,204,0.0,random,500,0.5,group,2026,54,236
full,204,0.0,random,500,0.5,group,2026,55,245
full,204,0.0,random,500,0.5,group,2026,56,246
full,204,0.0,random,500,0.5,group,2026,57,247
full,204,0.0,random,500,0.5,group,2026,58,255
full,204,0.0,random,500,0.5,group,2026,59,273
full,204,0.0,random,500,0.5,group,2026,60,247
full,204,0.0,random,500,0.5,group,2026,61,259
full,204,0.0,random,500,0.5,group,2026,62,264
full,204,0.0,random,500,0.5,group,2026,63,259
full,204,0.0,random,500,0.5,group,2026,64,252
full,204,0.0,random,500,0.5,group,2026,65,267
full,204,0.0,random,500,0.5,group,2026,66,259
full,204,0.0,random,500,0.5,group,2026,67,241
full,204,0.0,random,500,0.5,group,2026,68,245
full,204,0.0,random,500,0.5,group,2026,69,257
full,204,0.0,random,500,0.5,group,2026,70,252
full,204,0.0,random,500,0.5,group,2026,71,230
full,204,0.0,random,500,0.5,group,2026,72,248
full,204,0.0,random,500,0.5,group,2026,73,240
full,204,0.0,random,500,0.5,group,2026,74,233
full,204,0.0,random,500,0.5,group,2026,75,264
full,204,0.0,random,500,0.5,group,2026,76,250
full,204,0.0,random,500,0.5,group,2026,77,257
full,204,0.0,random,500,0.5,group,2026,78,255
full,204,0.0,random,500,0.5,group,2026,79,245
full,204,0.0,random,500,0.5,group,2026,80,266
full,204,0.0,random,500,0.5,group,2026,81,254
full,204,0.0,random,500,0.5,group,2026,82,250
full,204,0.0,random,500,0.5,group,2026,83,245
full,204,0.0,random,500,0.5,group,2026,84,252
full,204,0.0,random,500,0.5,group,2026,85,251
full,204,0.0,random,500,0.5,group,2026,86,271
full,204,0.0,random,500,0.5,group,2026,87,246
full,204,0.0,random,500,0.5,group,2026,88,244
full,204,0.0,random,500,0.5,group,2026,89,239
full,204,0.0,random,500,0.5,group,2026,90,253
full,204,0.0,random,500,0.5,group,2026,91,246
full,204,0.0,random,500,0.5,group,2026,92,250
full,204,0.0,random,500,0.5,group,2026,93,259
full,204,0.0,random,500,0.5,group,2026,94,264
full,204,0.0,random,500,0.5,group,2026,95,252
full,204,0.0,random,500,0.5,group,2026,96,232
full,204,0.0,random,500,0.5,group,2026,97,237
full,204,0.0,random,500,0.5,group,2026,98,245
full,204,0.0,random,500,0.5,group,2026,99,248
full,204,0.0,random,500,0.5,group,2026,100,267
full,204,0.0,random,500,0.5,group,2026,101,251
full,204,0.0,random,500,0.5,group,2026,102,247
full,204,0.0,random,500,0.5,group,2026,103,258
full,204,0.0,random,500,0.5,group,2026,104,259
full,204,0.0,random,500,0.5,group,2026,105,246
full,204,0.0,random,500,0.5,group,2026,106,243
full,204,0.0,random,500,0.5,group,2026,107,242
full,204,0.0,random,500,0.5,group,2026,108,254
full,204,0.0,random,500,0.5,group,2026,109,251
full,204,0.0,random,500,0.5,group,2026,110,241
full,204,0.0,random,500,0.5,group,2026,111,248
full,204,0.0,random,500,0.5,group,2026,112,252
full,204,0.0,random,500,0.5,group,2026,113,256
full,204,0.0,random,500,0.5,group,2026,114,261
full,204,0.0,random,500,0.5,group,2026,115,238
full,204,0.0,random,500,0.5,group,2026,116,262
full,204,0.0,random,500,0.5,group,2026,117,246
full,204,0.0,random,500,0.5,group,2026,118,263
full,204,0.0,random,500,0.5,group,2026,119,241
full,204,0.0,random,500,0.5,group,2026,120,238
full,204,0.0,random,500,0.5,group,2026,121,263
full,204,0.0,random,500,0.5,group,2026,122,260
full,204,0.0,random,500,0.5,group,2026,123,251
full,204,0.0,random,500,0.5,group,2026,124,245
full,204,0.0,random,500,0.5,group,2026,125,263
full,204,0.0,random,500,0.5,group,2026,126,244
full,204,0.0,random,500,0.5,group,2026,127,262
full,204,0.0,random,500,0.5,group,2026,128,256
full,204,0.0,random,500,0.5,group,2026,129,276
full,204,0.0,random,500,0.5,group,2026,130,259
full,204,0.0,random,500,0.5,group,2026,131,238
full,204,0.0,random,500,0.5,group,2026,132,257
full,204,0.0,random,500,0.5,group,2026,133,244
full,204,0.0,random,500,0.5,group,2026,134,245
full,204,0.0,random,500,0.5,group,2026,135,253
full,204,0.0,random,500,0.5,group,2026,136,267
full,204,0.0,random,500,0.5,group,2026,137,240
full,204,0.0,random,500,0.5,group,2026,138,241
full,204,0.0,random,500,0.5,group,2026,139,262
full,204,0.0,random,500,0.5,group,2026,140,264
full,204,0.0,random,500,0.5,group,2026,141,228
full,204,0.0,random,500,0.5,group,2026,142,247
full,204,0.0,random,500,0.5,group,2026,143,262
full,204,0.0,random,500,0.5,group,2026,144,250
full,204,0.0,random,500,0.5,group,2026,145,255
full,204,0.0,random,500,0.5,group,2026,146,230
full,204,0.0,random,500,0.5,group,2026,147,254
full,204,0.0,random,500,0.5,group,2026,148,251
full,204,0.0,random,500,0.5,group,2026,149,242
full,204,0.0,random,500,0.5,group,2026,150,253
full,204,0.0,random,500,0.5,group,2026,151,246
full,204,0.0,random,500,0.5,group,2026,152,245
full,204,0.0,random,500,0.5,group,2026,153,242
full,204,0.0,random,500,0.5,group,2026,154,263
full,204,0.0,random,500,0.5,group,2026,155,267
full,204,0.0,random,500,0.5,group,2026,156,243
full,204,0.0,random,500,0.5,group,2026,157,254
full,204,0.0,random,500,0.5,group,2026,158,240
full,204,0.0,random,500,0.5,group,2026,159,250
full,204,0.0,random,500,0.5,group,2026,160,245
full,204,0.0,random,500,0.5,group,2026,161,239
full,204,0.0,random,500,0.5,group,2026,162,267
full,204,0.0,random,500,0.5,group,2026,163,270
full,204,0.0,random,500,0.5,group,2026,164,237
full,204,0.0,random,500,0.5,group,2026,165,240
full,204,0.0,random,500,0.5,group,2026,166,259
full,204,0.0,random,500,0.5,group,2026,167,265
full,204,0.0,random,500,0.5,group,2026,168,254
full,204,0.0,random,500,0.5,group,2026,169,265
full,204,0.0,random,500,0.5,group,2026,170,234
full,204,0.0,random,500,0.5,group,2026,171,266
full,204,0.0,random,500,0.5,group,2026,172,271
full,204,0.0,random,500,0.5,group,2026,173,253
full,204,0.0,random,500,0.5,group,2026,174,247
full,204,0.0,random,500,0.5,group,2026,175,233
full,204,0.0,random,500,0.5,group,2026,176,254
full,204,0.0,random,500,0.5,group,2026,177,259
full,204,0.0,random,500,0.5,group,2026,178,224
full,204,0.0,random,500,0.5,group,2026,179,254
full,204,0.0,random,500,0.5,group,2026,180,243
full,204,0.0,random,500,0.5,group,2026,181,245
full,204,0.0,random,500,0.5,group,2026,182,277
full,204,0.0,random,500,0.5,group,2026,183,248
full,204,0.0,random,500,0.5,group,2026,184,241
full,204,0.0,random,500,0.5,group,2026,185,263
full,204,0.0,random,500,0.5,group,2026,186,253
full,204,0.0,random,500,0.5,group,2026,187,254
full,204,0.0,random,500,0.5,group,2026,188,260
full,204,0.0,random,500,0.5,group,2026,189,253
full,204,0.0,random,500,0.5,group,2026,190,232
full,204,0.0,random,500,0.5,group,2026,191,240
full,204,0.0,random,500,0.5,group,2026,192,249
full,204,0.0,random,500,0.5,group,2026,193,221
full,204,0.0,random,500,0.5,group,2026,194,253
full,204,0.0,random,500,0.5,group,2026,195,249
full,204,0.0,random,500,0.5,group,2026,196,254
full,204,0.0,random,500,0.5,group,2026,197,247
full,204,0.0,random,500,0.5,group,2026,198,239
full,204,0.0,random,500,0.5,group,2026,199,244
full,204,0.0,random,500,0.5,group,2026,200,258
full,204,0.0,random,500,0.5,group,2026,201,263
full,204,0.0,random,500,0.5,group,2026,202,253
full,204,0.0,random,500,0.5,group,2026,203,248
full,204,0.5,adaptive,500,0.5,group,2026,0,165
full,204,0.5,adaptive,500,0.5,group,2026,1,230
full,204,0.5,adaptive,500,0.5,group,2026,2,223
full,204,0.5,adaptive,500,0.5,group,2026,3,166
full,204,0.5,adaptive,500,0.5,group,2026,4,213
full,204,0.5,adaptive,500,0.5,group,2026,5,238
full,204,0.5,adaptive,500,0.5,group,2026,6,170
full,204,0.5,adaptive,500,0.5,group,2026,7,175
full,204,0.5,adaptive,500,0.5,group,2026,8,178
full,204,0.5,adaptive,500,0.5,group,2026,9,187
full,204,0.5,adaptive,500,0.5,group,2026,10,207
full,204,0.5,adaptive,500,0.5,group,2026,11,230
full,204,0.5,adaptive,500,0.5,group,2026,12,177
full,204,0.5,adaptive,500,0.5,group,2026,13,163
full,204,0.5,adaptive,500,0.5,group,2026,14,223
full,204,0.5,adaptive,500,0.5,group,2026,15,251
full,204,0.5,adaptive,500,0.5,group,2026,16,211
full,204,0.5,adaptive,500,0.5,group,2026,17,241
full,204,0.5,adaptive,500,0.5,group,2026,18,172
full,204,0.5,adaptive,500,0.5,group,2026,19,169
full,204,0.5,adaptive,500,0.5,group,2026,20,177
full,204,0.5,adaptive,500,0.5,group,2026,21,202
full,204,0.5,adaptive,500,0.5,group,2026,22,199
full,204,0.5,adaptive,500,0.5,group,2026,23,159
full,204,0.5,adaptive,500,0.5,group,2026,24,226
full,204,0.5,adaptive,500,0.5,group,2026,25,256
full,204,0.5,adaptive,500,0.5,group,2026,26,205
full,204,0.5,adaptive,500,0.5,group,2026,27,189
full,204,0.5,adaptive,500,0.5,group,2026,28,220
full,204,0.5,adaptive,500,0.5,group,2026,29,250
full,204,0.5,adaptive,500,0.5,group,2026,30,235
full,204,0.5,adaptive,500,0.5,group,2026,31,196
full,204,0.5,adaptive,500,0.5,group,2026,32,224
full,204,0.5,adaptive,500,0.5,group,2026,33,226
full,204,0.5,adaptive,500,0.5,group,2026,34,217
full,204,0.5,adaptive,500,0.5,group,2026,35,176
full,204,0.5,adaptive,500,0.5,group,2026,36,206
full,204,0.5,adaptive,500,0.5,group,2026,37,189
full,204,0.5,adaptive,500,0.5,group,2026,38,281
full,204,0.5,adaptive,500,0.5,group,2026,39,203
full,204,0.5,adaptive,500,0.5,group,2026,40,203
full,204,0.5,adaptive,500,0.5,group,2026,41,194
full,204,0.5,adaptive,500,0.5,group,2026,42,206
full,204,0.5,adaptive,500,0.5,group,2026,43,226
full,204,0.5,adaptive,500,0.5,group,2026,44,270
full,204,0.5,adaptive,500,0.5,group,2026,45,244
full,204,0.5,adaptive,500,0.5,group,2026,46,160
full,204,0.5,adaptive,500,0.5,group,2026,47,232
full,204,0.5,adaptive,500,0.5,group,2026,48,206
full,204,0.5,adaptive,500,0.5,group,2026,49,165
full,204,0.5,adaptive,500,0.5,group,2026,50,199
full,204,0.5,adaptive,500,0.5,group,2026,51,198
full,204,0.5,adaptive,500,0.5,group,2026,52,218
full,204,0.5,adaptive,500,0.5,group,2026,53,175
full,204,0.5,adaptive,500,0.5,group,2026,54,202
full,204,0.5,adaptive,500,0.5,group,2026,55,234
full,204,0.5,adaptive,500,0.5,group,2026,56,240
full,204,0.5,adaptive,500,0.5,group,2026,57,166
full,204,0.5,adaptive,500,0.5,group,2026,58,236
full,204,0.5,adaptive,500,0.5,group,2026,59,239
full,204,0.5,adaptive,500,0.5,group,2026,60,216
full,204,0.5,adaptive,500,0.5,group,2026,61,168
full,204,0.5,adaptive,500,0.5,group,2026,62,226
full,204,0.5,adaptive,500,0.5,group,2026,63,245
full,204,0.5,adaptive,500,0.5,group,2026,64,166
full,204,0.5,adaptive,500,0.5,group,2026,65,246
full,204,0.5,adaptive,500,0.5,group,2026,66,232
full,204,0.5,adaptive,500,0.5,group,2026,67,157
full,204,0.5,adaptive,500,0.5,group,2026,68,160
full,204,0.5,adaptive,500,0.5,group,2026,69,272
full,204,0.5,adaptive,500,0.5,group,2026,70,255
full,204,0.5,adaptive,500,0.5,group,2026,71,219
full,204,0.5,adaptive,500,0.5,group,2026,72,189
full,204,0.5,adaptive,500,0.5,group,2026,73,218
full,204,0.5,adaptive,500,0.5,group,2026,74,148
full,204,0.5,adaptive,500,0.5,group,2026,75,226
full,204,0.5,adaptive,500,0.5,group,2026,76,246
full,204,0.5,adaptive,500,0.5,group,2026,77,262
full,204,0.5,adaptive,500,0.5,group,2026,78,243
full,204,0.5,adaptive,500,0.5,group,2026,79,200
full,204,0.5,adaptive,500,0.5,group,2026,80,207
full,204,0.5,adaptive,500,0.5,group,2026,81,227
full,204,0.5,adaptive,500,0.5,group,2026,82,175
full,204,0.5,adaptive,500,0.5,group,2026,83,177
full,204,0.5,adaptive,500,0.5,group,2026,84,203
full,204,0.5,adaptive,500,0.5,group,2026,85,190
full,204,0.5,adaptive,500,0.5,group,2026,86,229
full,204,0.5,adaptive,500,0.5,group,2026,87,198
full,204,0.5,adaptive,500,0.5,group,2026,88,216
full,204,0.5,adaptive,500,0.5,group,2026,89,257
full,204,0.5,adaptive,500,0.5,group,2026,90,236
full,204,0.5,adaptive,500,0.5,group,2026,91,189
full,204,0.5,adaptive,500,0.5,group,2026,92,231
full,204,0.5,adaptive,500,0.5,group,2026,93,234
full,204,0.5,adaptive,500,0.5,group,2026,94,235
full,204,0.5,adaptive,500,0.5,group,2026,95,257
full,204,0.5,adaptive,500,0.5,group,2026,96,229
full,204,0.5,adaptive,500,0.5,group,2026,97,196
full,204,0.5,adaptive,500,0.5,group,2026,98,226
full,204,0.5,adaptive,500,0.5,group,2026,99,250
full,204,0.5,adaptive,500,0.5,group,2026,100,229
full,204,0.5,adaptive,500,0.5,group,2026,101,265
full,204,0.5,adaptive,500,0.5,group,2026,102,187
full,204,0.5,adaptive,500,0.5,group,2026,103,196
full,204,0.5,adaptive,500,0.5,group,2026,104,241
full,204,0.5,adaptive,500,0.5,group,2026,105,239
full,204,0.5,adaptive,500,0.5,group,2026,106,227
full,204,0.5,adaptive,500,0.5,group,2026,107,229
full,204,0.5,adaptive,500,0.5,group,2026,108,175
full,204,0.5,adaptive,500,0.5,group,2026,109,177
full,204,0.5,adaptive,500,0.5,group,2026,110,225
full,204,0.5,adaptive,500,0.5,group,2026,111,182
full,204,0.5,adaptive,500,0.5,group,2026,112,260
full,204,0.5,adaptive,500,0.5,group,2026,113,192
full,204,0.5,adaptive,500,0.5,group,2026,114,230
full,204,0.5,adaptive,500,0.5,group,2026,115,226
full,204,0.5,adaptive,500,0.5,group,2026,116,182
full,204,0.5,adaptive,500,0.5,group,2026,117,209
full,204,0.5,adaptive,500,0.5,group,2026,118,229
full,204,0.5,adaptive,500,0.5,group,2026,119,245
full,204,0.5,adaptive,500,0.5,group,2026,120,195
full,204,0.5,adaptive,500,0.5,group,2026,121,180
full,204,0.5,adaptive,500,0.5,group,2026,122,215
full,204,0.5,adaptive,500,0.5,group,2026,123,183
full,204,0.5,adaptive,500,0.5,group,2026,124,172
full,204,0.5,adaptive,500,0.5,group,2026,125,235
full,204,0.5,adaptive,500,0.5,group,2026,126,187
full,204,0.5,adaptive,500,0.5,group,2026,127,199
full,204,0.5,adaptive,500,0.5,group,2026,128,243
full,204,0.5,adaptive,500,0.5,group,2026,129,177
full,204,0.5,adaptive,500,0.5,group,2026,130,209
full,204,0.5,adaptive,500,0.5,group,2026,131,235
full,204,0.5,adaptive,500,0.5,group,2026,132,193
full,204,0.5,adaptive,500,0.5,group,2026,133,198
full,204,0.5,adaptive,500,0.5,group,2026,134,234
full,204,0.5,adaptive,500,0.5,group,2026,135,200
full,204,0.5,adaptive,500,0.5,group,2026,136,204
full,204,0.5,adaptive,500,0.5,group,2026,137,206
full,204,0.5,adaptive,500,0.5,group,2026,138,183
full,204,0.5,adaptive,500,0.5,group,2026,139,185
full,204,0.5,adaptive,500,0.5,group,2026,140,191
full,204,0.5,adaptive,500,0.5,group,2026,141,245
full,204,0.5,adaptive,500,0.5,group,2026,142,177
full,204,0.5,adaptive,500,0.5,group,2026,143,212
full,204,0.5,adaptive,500,0.5,group,2026,144,222
full,204,0.5,adaptive,500,0.5,group,2026,145,182
full,204,0.5,adaptive,500,0.5,group,2026,146,182
full,204,0.5,adaptive,500,0.5,group,2026,147,235
full,204,0.5,adaptive,500,0.5,group,2026,148,262
full,204,0.5,adaptive,500,0.5,group,2026,149,231
full,204,0.5,adaptive,500,0.5,group,2026,150,191
full,204,0.5,adaptive,500,0.5,group,2026,151,172
full,204,0.5,adaptive,500,0.5,group,2026,152,221
full,204,0.5,adaptive,500,0.5,group,2026,153,218
full,204,0.5,adaptive,500,0.5,group,2026,154,193
full,204,0.5,adaptive,500,0.5,group,2026,155,173
full,204,0.5,adaptive,500,0.5,group,2026,156,183
full,204,0.5,adaptive,500,0.5,group,2026,157,221
full,204,0.5,adaptive,500,0.5,group,2026,158,270
full,204,0.5,adaptive,500,0.5,group,2026,159,237
full,204,0.5,adaptive,500,0.5,group,2026,160,222
full,204,0.5,adaptive,500,0.5,group,2026,161,212
full,204,0.5,adaptive,500,0.5,group,2026,162,191
full,204,0.5,adaptive,500,0.5,group,2026,163,183
full,204,0.5,adaptive,500,0.5,group,2026,164,186
full,204,0.5,adaptive,500,0.5,group,2026,165,234
full,204,0.5,adaptive,500,0.5,group,2026,166,240
full,204,0.5,adaptive,500,0.5,group,2026,167,216
full,204,0.5,adaptive,500,0.5,group,2026,168,236
full,204,0.5,adaptive,500,0.5,group,2026,169,248
full,204,0.5,adaptive,500,0.5,group,2026,170,174
full,204,0.5,adaptive,500,0.5,group,2026,171,227
full,204,0.5,adaptive,500,0.5,group,2026,172,226
full,204,0.5,adaptive,500,0.5,group,2026,173,245
full,204,0.5,adaptive,500,0.5,group,2026,174,215
full,204,0.5,adaptive,500,0.5,group,2026,175,178
full,204,0.5,adaptive,500,0.5,group,2026,176,220
full,204,0.5,adaptive,500,0.5,group,2026,177,204
full,204,0.5,adaptive,500,0.5,group,2026,178,164
full,204,0.5,adaptive,500,0.5,group,2026,179,235
full,204,0.5,adaptive,500,0.5,group,2026,180,241
full,204,0.5,adaptive,500,0.5,group,2026,181,222
full,204,0.5,adaptive,500,0.5,group,2026,182,217
full,204,0.5,adaptive,500,0.5,group,2026,183,202
full,204,0.5,adaptive,500,0.5,group,2026,184,242
full,204,0.5,adaptive,500,0.5,group,2026,185,206
full,204,0.5,adaptive,500,0.5,group,2026,186,180
full,204,0.5,adaptive,500,0.5,group,2026,187,224
full,204,0.5,adaptive,500,0.5,group,2026,188,207
full,204,0.5,adaptive,500,0.5,group,2026,189,223
full,204,0.5,adaptive,500,0.5,group,2026,190,240
full,204,0.5,adaptive,500,0.5,group,2026,191,230
full,204,0.5,adaptive,500,0.5,group,2026,192,253
full,204,0.5,adaptive,500,0.5,group,2026,193,237
full,204,0.5,adaptive,500,0.5,group,2026,194,209
full,204,0.5,adaptive,500,0.5,group,2026,195,227
full,204,0.5,adaptive,500,0.5,group,2026,196,225
full,204,0.5,adaptive,500,0.5,group,2026,197,207
full,204,0.5,adaptive,500,0.5,group,2026,198,244
full,204,0.5,adaptive,500,0.5,group,2026,199,223
full,204,0.5,adaptive,500,0.5,group,2026,200,182
full,204,0.5,adaptive,500,0.5,group,2026,201,222
full,204,0.5,adaptive,500,0.5,group,2026,202,258
full,204,0.5,adaptive,500,0.5,group,2026,203,255
full,204,0.5,random,500,0.5,group,2026,0,256
full,204,0.5,random,500,0.5,group,2026,1,257
full,204,0.5,random,500,0.5,group,2026,2,257
full,204,0.5,random,500,0.5,group,2026,3,254
full,204,0.5,random,500,0.5,group,2026,4,239
full,204,0.5,random,500,0.5,group,2026,5,249
full,204,0.5,random,500,0.5,group,2026,6,242
full,204,0.5,random,500,0.5,group,2026,7,248
full,204,0.5,random,500,0.5,group,2026,8,245
full,204,0.5,random,500,0.5,group,2026,9,261
full,204,0.5,random,500,0.5,group,2026,10,250
full,204,0.5,random,500,0.5,group,2026,11,233
full,204,0.5,random,500,0.5,group,2026,12,256
full,204,0.5,random,500,0.5,group,2026,13,243
full,204,0.5,random,500,0.5,group,2026,14,236
full,204,0.5,random,500,0.5,group,2026,15,247
full,204,0.5,random,500,0.5,group,2026,16,251
full,204,0.5,random,500,0.5,group,2026,17,269
full,204,0.5,random,500,0.5,group,2026,18,241
full,204,0.5,random,500,0.5,group,2026,19,244
full,204,0.5,random,500,0.5,group,2026,20,223
full,204,0.5,random,500,0.5,group,2026,21,257
full,204,0.5,random,500,0.5,group,2026,22,264
full,204,0.5,random,500,0.5,group,2026,23,234
full,204,0.5,random,500,0.5,group,2026,24,245
full,204,0.5,random,500,0.5,group,2026,25,258
full,204,0.5,random,500,0.5,group,2026,26,250
full,204,0.5,random,500,0.5,group,2026,27,248
full,204,0.5,random,500,0.5,group,2026,28,273
full,204,0.5,random,500,0.5,group,2026,29,263
full,204,0.5,random,500,0.5,group,2026,30,235
full,204,0.5,random,500,0.5,group,2026,31,253
full,204,0.5,random,500,0.5,group,2026,32,250
full,204,0.5,random,500,0.5,group,2026,33,232
full,204,0.5,random,500,0.5,group,2026,34,248
full,204,0.5,random,500,0.5,group,2026,35,270
full,204,0.5,random,500,0.5,group,2026,36,247
full,204,0.5,random,500,0.5,group,2026,37,261
full,204,0.5,random,500,0.5,group,2026,38,247
full,204,0.5,random,500,0.5,group,2026,39,246
full,204,0.5,random,500,0.5,group,2026,40,245
full,204,0.5,random,500,0.5,group,2026,41,250
full,204,0.5,random,500,0.5,group,2026,42,261
full,204,0.5,random,500,0.5,group,2026,43,249
full,204,0.5,random,500,0.5,group,2026,44,259
full,204,0.5,random,500,0.5,group,2026,45,248
full,204,0.5,random,500,0.5,group,2026,46,248
full,204,0.5,random,500,0.5,group,2026,47,252
full,204,0.5,random,500,0.5,group,2026,48,263
full,204,0.5,random,500,0.5,group,2026,49,270
full,204,0.5,random,500,0.5,group,2026,50,267
full,204,0.5,random,500,0.5,group,2026,51,245
full,204,0.5,random,500,0.5,group,2026,52,248
full,204,0.5,random,500,0.5,group,2026,53,224
full,204,0.5,random,500,0.5,group,2026,54,237
full,204,0.5,random,500,0.5,group,2026,55,276
full,204,0.5,random,500,0.5,group,2026,56,242
full,204,0.5,random,500,0.5,group,2026,57,257
full,204,0.5,random,500,0.5,group,2026,58,233
full,204,0.5,random,500,0.5,group,2026,59,233
full,204,0.5,random,500,0.5,group,2026,60,242
full,204,0.5,random,500,0.5,group,2026,61,252
full,204,0.5,random,500,0.5,group,2026,62,255
full,204,0.5,random,500,0.5,group,2026,63,249
full,204,0.5,random,500,0.5,group,2026,64,252
full,204,0.5,random,500,0.5,group,2026,65,225
full,204,0.5,random,500,0.5,group,2026,66,244
full,204,0.5,random,500,0.5,group,2026,67,246
full,204,0.5,random,500,0.5,group,2026,68,235
full,204,0.5,random,500,0.5,group,2026,69,250
full,204,0.5,random,500,0.5,group,2026,70,256
full,204,0.5,random,500,0.5,group,2026,71,255
full,204,0.5,random,500,0.5,group,2026,72,243
full,204,0.5,random,500,0.5,group,2026,73,237
full,204,0.5,random,500,0.5,group,2026,74,246
full,204,0.5,random,500,0.5,group,2026,75,253
full,204,0.5,random,500,0.5,group,2026,76,262
full,204,0.5,random,500,0.5,group,2026,77,239
full,204,0.5,random,500,0.5,group,2026,78,251
full,204,0.5,random,500,0.5,group,2026,79,252
full,204,0.5,random,500,0.5,group,2026,80,263
full,204,0.5,random,500,0.5,group,2026,81,255
full,204,0.5,random,500,0.5,group,2026,82,263
full,204,0.5,random,500,0.5,group,2026,83,233
full,204,0.5,random,500,0.5,group,2026,84,255
full,204,0.5,random,500,0.5,group,2026,85,255
full,204,0.5,random,500,0.5,group,2026,86,262
full,204,0.5,random,500,0.5,group,2026,87,261
full,204,0.5,random,500,0.5,group,2026,88,257
full,204,0.5,random,500,0.5,group,2026,89,239
full,204,0.5,random,500,0.5,group,2026,90,240
full,204,0.5,random,500,0.5,group,2026,91,251
full,204,0.5,random,500,0.5,group,2026,92,259
full,204,0.5,random,500,0.5,group,2026,93,248
full,204,0.5,random,500,0.5,group,2026,94,260
full,204,0.5,random,500,0.5,group,2026,95,242
full,204,0.5,random,500,0.5,group,2026,96,265
full,204,0.5,random,500,0.5,group,2026,97,252
full,204,0.5,random,500,0.5,group,2026,98,249
full,204,0.5,random,500,0.5,group,2026,99,258
full,204,0.5,random,500,0.5,group,2026,100,256
full,204,0.5,random,500,0.5,group,2026,101,252
full,204,0.5,random,500,0.5,group,2026,102,254
full,204,0.5,random,500,0.5,group,2026,103,261
full,204,0.5,random,500,0.5,group,2026,104,277
full,204,0.5,random,500,0.5,group,2026,105,272
full,204,0.5,random,500,0.5,group,2026,106,248
full,204,0.5,random,500,0.5,group,2026,107,263
full,204,0.5,random,500,0.5,group,2026,108,273
full,204,0.5,random,500,0.5,group,2026,109,261
full,204,0.5,random,500,0.5,group,2026,110,269
full,204,0.5,random,500,0.5,group,2026,111,268
full,204,0.5,random,500,0.5,group,2026,112,247
full,204,0.5,random,500,0.5,group,2026,113,247
full,204,0.5,random,500,0.5,group,2026,114,235
full,204,0.5,random,500,0.5,group,2026,115,260
full,204,0.5,random,500,0.5,group,2026,116,257
full,204,0.5,random,500,0.5,group,2026,117,264
full,204,0.5,random,500,0.5,group,2026,118,246
full,204,0.5,random,500,0.5,group,2026,119,259
full,204,0.5,random,500,0.5,group,2026,120,253
full,204,0.5,random,500,0.5,group,2026,121,274
full,204,0.5,random,500,0.5,group,2026,122,245
full,204,0.5,random,500,0.5,group,2026,123,231
full,204,0.5,random,500,0.5,group,2026,124,252
full,204,0.5,random,500,0.5,group,2026,125,256
full,204,0.5,random,500,0.5,group,2026,126,244
full,204,0.5,random,500,0.5,group,2026,127,254
full,204,0.5,random,500,0.5,group,2026,128,251
full,204,0.5,random,500,0.5,group,2026,129,246
full,204,0.5,random,500,0.5,group,2026,130,247
full,204,0.5,random,500,0.5,group,2026,131,245
full,204,0.5,random,500,0.5,group,2026,132,260
full,204,0.5,random,500,0.5,group,2026,133,258
full,204,0.5,random,500,0.5,group,2026,134,241
full,204,0.5,random,500,0.5,group,2026,135,252
full,204,0.5,random,500,0.5,group,2026,136,241
full,204,0.5,random,500,0.5,group,2026,137,253
full,204,0.5,random,500,0.5,group,2026,138,268
full,204,0.5,random,500,0.5,group,2026,139,243
full,204,0.5,random,500,0.5,group,2026,140,243
full,204,0.5,random,500,0.5,group,2026,141,231
full,204,0.5,random,500,0.5,group,2026,142,251
full,204,0.5,random,500,0.5,group,2026,143,253
full,204,0.5,random,500,0.5,group,2026,144,261
full,204,0.5,random,500,0.5,group,2026,145,266
full,204,0.5,random,500,0.5,group,2026,146,224
full,204,0.5,random,500,0.5,group,2026,147,256
full,204,0.5,random,500,0.5,group,2026,148,257
full,204,0.5,random,500,0.5,group,2026,149,262
full,204,0.5,random,500,0.5,group,2026,150,235
full,204,0.5,random,500,0.5,group,2026,151,238
full,204,0.5,random,500,0.5,group,2026,152,248
full,204,0.5,random,500,0.5,group,2026,153,253
full,204,0.5,random,500,0.5,group,2026,154,235
full,204,0.5,random,500,0.5,group,2026,155,253
full,204,0.5,random,500,0.5,group,2026,156,260
full,204,0.5,random,500,0.5,group,2026,157,259
full,204,0.5,random,500,0.5,group,2026,158,228
full,204,0.5,random,500,0.5,group,2026,159,244
full,204,0.5,random,500,0.5,group,2026,160,268
full,204,0.5,random,500,0.5,group,2026,161,221
full,204,0.5,random,500,0.5,group,2026,162,247
full,204,0.5,random,500,0.5,group,2026,163,231
full,204,0.5,random,500,0.5,group,2026,164,253
full,204,0.5,random,500,0.5,group,2026,165,248
full,204,0.5,random,500,0.5,group,2026,166,234
full,204,0.5,random,500,0.5,group,2026,167,249
full,204,0.5,random,500,0.5,group,2026,168,250
full,204,0.5,random,500,0.5,group,2026,169,249
full,204,0.5,random,500,0.5,group,2026,170,239
full,204,0.5,random,500,0.5,group,2026,171,248
full,204,0.5,random,500,0.5,group,2026,172,228
full,204,0.5,random,500,0.5,group,2026,173,239
full,204,0.5,random,500,0.5,group,2026,174,259
full,204,0.5,random,500,0.5,group,2026,175,251
full,204,0.5,random,500,0.5,group,2026,176,228
full,204,0.5,random,500,0.5,group,2026,177,242
full,204,0.5,random,500,0.5,group,2026,178,257
full,204,0.5,random,500,0.5,group,2026,179,231
full,204,0.5,random,500,0.5,group,2026,180,260
full,204,0.5,random,500,0.5,group,2026,181,246
full,204,0.5,random,500,0.5,group,2026,182,264
full,204,0.5,random,500,0.5,group,2026,183,250
full,204,0.5,random,500,0.5,group,2026,184,264
full,204,0.5,random,500,0.5,group,2026,185,250
full,204,0.5,random,500,0.5,group,2026,186,238
full,204,0.5,random,500,0.5,group,2026,187,229
full,204,0.5,random,500,0.5,group,2026,188,249
full,204,0.5,random,500,0.5,group,2026,189,238
full,204,0.5,random,500,0.5,group,2026,190,257
full,204,0.5,random,500,0.5,group,2026,191,257
full,204,0.5,random,500,0.5,group,2026,192,248
full,204,0.5,random,500,0.5,group,2026,193,263
full,204,0.5,random,500,0.5,group,2026,194,276
full,204,0.5,random,500,0.5,group,2026,195,244
full,204,0.5,random,500,0.5,group,2026,196,233
full,204,0.5,random,500,0.5,group,2026,197,236
full,204,0.5,random,500,0.5,group,2026,198,253
full,204,0.5,random,500,0.5,group,2026,199,244
full,204,0.5,random,500,0.5,group,2026,200,238
full,204,0.5,random,500,0.5,group,2026,201,253
full,204,0.5,random,500,0.5,group,2026,202,242
full,204,0.5,random,500,0.5,group,2026,203,256
full,40,-1.0,adaptive,500,0.5,group,2026,0,500
full,40,-1.0,adaptive,500,0.5,group,2026,1,500
full,40,-1.0,adaptive,500,0.5,group,2026,2,500
full,40,-1.0,adaptive,500,0.5,group,2026,3,500
full,40,-1.0,adaptive,500,0.5,group,2026,4,500
full,40,-1.0,adaptive,500,0.5,group,2026,5,500
full,40,-1.0,adaptive,500,0.5,group,2026,6,500
full,40,-1.0,adaptive,500,0.5,group,2026,7,500
full,40,-1.0,adaptive,500,0.5,group,2026,8,500
full,40,-1.0,adaptive,500,0.5,group,2026,9,500
full,40,-1.0,adaptive,500,0.5,group,2026,10,500
full,40,-1.0,adaptive,500,0.5,group,2026,11,500
full,40,-1.0,adaptive,500,0.5,group,2026,12,500
full,40,-1.0,adaptive,500,0.5,group,2026,13,500
full,40,-1.0,adaptive,500,0.5,group,2026,14,500
full,40,-1.0,adaptive,500,0.5,group,2026,15,500
full,40,-1.0,adaptive,500,0.5,group,2026,16,500
full,40,-1.0,adaptive,500,0.5,group,2026,17,500
full,40,-1.0,adaptive,500,0.5,group,2026,18,500
full,40,-1.0,adaptive,500,0.5,group,2026,19,500
full,40,-1.0,adaptive,500,0.5,group,2026,20,500
full,40,-1.0,adaptive,500,0.5,group,2026,21,500
full,40,-1.0,adaptive,500,0.5,group,2026,22,500
full,40,-1.0,adaptive,500,0.5,group,2026,23,500
full,40,-1.0,adaptive,500,0.5,group,2026,24,500
full,40,-1.0,adaptive,500,0.5,group,2026,25,500
full,40,-1.0,adaptive,500,0.5,group,2026,26,500
full,40,-1.0,adaptive,500,0.5,group,2026,27,500
full,40,-1.0,adaptive,500,0.5,group,2026,28,500
full,40,-1.0,adaptive,500,0.5,group,2026,29,500
full,40,-1.0,adaptive,500,0.5,group,2026,30,500
full,40,-1.0,adaptive,500,0.5,group,2026,31,500
full,40,-1.0,adaptive,500,0.5,group,2026,32,500
full,40,-1.0,adaptive,500,0.5,group,2026,33,500
full,40,-1.0,adaptive,500,0.5,group,2026,34,500
full,40,-1.0,adaptive,500,0.5,group,2026,35,500
full,40,-1.0,adaptive,500,0.5,group,2026,36,500
full,40,-1.0,adaptive,500,0.5,group,2026,37,500
full,40,-1.0,adaptive,500,0.5,group,2026,38,500
full,40,-1.0,adaptive,500,0.5,group,2026,39,500
full,40,-1.0,random,500,0.5,group,2026,0,500
full,40,-1.0,random,500,0.5,group,2026,1,500
full,40,-1.0,random,500,0.5,group,2026,2,500
full,40,-1.0,random,500,0.5,group,2026,3,500
full,40,-1.0,random,500,0.5,group,2026,4,500
full,40,-1.0,random,500,0.5,group,2026,5,500
full,40,-1.0,random,500,0.5,group,2026,6,500
full,40,-1.0,random,500,0.5,group,2026,7,500
full,40,-1.0,random,500,0.5,group,2026,8,500
full,40,-1.0,random,500,0.5,group,2026,9,500
full,40,-1.0,random,500,0.5,group,2026,10,500
full,40,-1.0,random,500,0.5,group,2026,11,500
full,40,-1.0,random,500,0.5,group,2026,12,500
full,40,-1.0,random,500,0.5,group,2026,13,500
full,40,-1.0,random,500,0.5,group,2026,14,500
full,40,-1.0,random,500,0.5,group,2026,15,500
full,40,-1.0,random,500,0.5,group,2026,16,500
full,40,-1.0,random,500,0.5,group,2026,17,500
full,40,-1.0,random,500,0.5,group,2026,18,500
full,40,-1.0,random,500,0.5,group,2026,19,500
full,40,-1.0,random,500,0.5,group,2026,20,500
full,40,-1.0,random,500,0.5,group,2026,21,500
full,40,-1.0,random,500,0.5,group,2026,22,500
full,40,-1.0,random,500,0.5,group,2026,23,500
full,40,-1.0,random,500,0.5,group,2026,24,500
full,40,-1.0,random,500,0.5,group,2026,25,500
full,40,-1.0,random,500,0.5,group,2026,26,500
full,40,-1.0,random,500,0.5,group,2026,27,500
full,40,-1.0,random,500,0.5,group,2026,28,500
full,40,-1.0,random,500,0.5,group,2026,29,500
full,40,-1.0,random,500,0.5,group,2026,30,500
full,40,-1.0,random,500,0.5,group,2026,31,500
full,40,-1.0,random,500,0.5,group,2026,32,500
full,40,-1.0,random,500,0.5,group,2026,33,500
full,40,-1.0,random,500,0.5,group,2026,34,500
full,40,-1.0,random,500,0.5,group,2026,35,500
full,40,-1.0,random,500,0.5,group,2026,36,500
full,40,-1.0,random,500,0.5,group,2026,37,500
full,40,-1.0,random,500,0.5,group,2026,38,500
full,40,-1.0,random,500,0.5,group,2026,39,500
full,40,0.0,adaptive,500,0.5,group,2026,0,500
full,40,0.0,adaptive,500,0.5,group,2026,1,500
full,40,0.0,adaptive,500,0.5,group,2026,2,500
full,40,0.0,adaptive,500,0.5,group,2026,3,500
full,40,0.0,adaptive,500,0.5,group,2026,4,500
full,40,0.0,adaptive,500,0.5,group,2026,5,500
full,40,0.0,adaptive,500,0.5,group,2026,6,500
full,40,0.0,adaptive,500,0.5,group,2026,7,500
full,40,0.0,adaptive,500,0.5,group,2026,8,500
full,40,0.0,adaptive,500,0.5,group,2026,9,500
full,40,0.0,adaptive,500,0.5,group,2026,10,500
full,40,0.0,adaptive,500,0.5,group,2026,11,500
full,40,0.0,adaptive,500,0.5,group,2026,12,500
full,40,0.0,adaptive,500,0.5,group,2026,13,500
full,40,0.0,adaptive,500,0.5,group,2026,14,500
full,40,0.0,adaptive,500,0.5,group,2026,15,500
full,40,0.0,adaptive,500,0.5,group,2026,16,500
full,40,0.0,adaptive,500,0.5,group,2026,17,500
full,40,0.0,adaptive,500,0.5,group,2026,18,500
full,40,0.0,adaptive,500,0.5,group,2026,19,500
full,40,0.0,adaptive,500,0.5,group,2026,20,500
full,40,0.0,adaptive,500,0.5,group,2026,21,500
full,40,0.0,adaptive,500,0.5,group,2026,22,500
full,40,0.0,adaptive,500,0.5,group,2026,23,500
full,40,0.0,adaptive,500,0.5,group,2026,24,500
full,40,0.0,adaptive,500,0.5,group,2026,25,500
full,40,0.0,adaptive,500,0.5,group,2026,26,500
full,40,0.0,adaptive,500,0.5,group,2026,27,500
full,40,0.0,adaptive,500,0.5,group,2026,28,500
full,40,0.0,adaptive,500,0.5,group,2026,29,500
full,40,0.0,adaptive,500,0.5,group,2026,30,500
full,40,0.0,adaptive,500,0.5,group,2026,31,500
full,40,0.0,adaptive,500,0.5,group,2026,32,500
full,40,0.0,adaptive,500,0.5,group,2026,33,500
full,40,0.0,adaptive,500,0.5,group,2026,34,500
full,40,0.0,adaptive,500,0.5,group,2026,35,500
full,40,0.0,adaptive,500,0.5,group,2026,36,500
full,40,0.0,adaptive,500,0.5,group,2026,37,500
full,40,0.0,adaptive,500,0.5,group,2026,38,500
full,40,0.0,adaptive,500,0.5,group,2026,39,500
full,40,0.0,random,500,0.5,group,2026,0,500
full,40,0.0,random,500,0.5,group,2026,1,500
full,40,0.0,random,500,0.5,group,2026,2,500
full,40,0.0,random,500,0.5,group,2026,3,500
full,40,0.0,random,500,0.5,group,2026,4,500
full,40,0.0,random,500,0.5,group,2026,5,500
full,40,0.0,random,500,0.5,group,2026,6,500
full,40,0.0,random,500,0.5,group,2026,7,500
full,40,0.0,random,500,0.5,group,2026,8,500
full,40,0.0,random,500,0.5,group,2026,9,500
full,40,0.0,random,500,0.5,group,2026,10,500
full,40,0.0,random,500,0.5,group,2026,11,500
full,40,0.0,random,500,0.5,group,2026,12,500
full,40,0.0,random,500,0.5,group,2026,13,500
full,40,0.0,random,500,0.5,group,2026,14,500
full,40,0.0,random,500,0.5,group,2026,15,500
full,40,0.0,random,500,0.5,group,2026,16,500
full,40,0.0,random,500,0.5,group,2026,17,500
full,40,0.0,random,500,0.5,group,2026,18,500
full,40,0.0,random,500,0.5,group,2026,19,500
full,40,0.0,random,500,0.5,group,2026,20,500
full,40,0.0,random,500,0.5,group,2026,21,500
full,40,0.0,random,500,0.5,group,2026,22,500
full,40,0.0,random,500,0.5,group,2026,23,500
full,40,0.0,random,500,0.5,group,2026,24,500
full,40,0.0,random,500,0.5,group,2026,25,500
full,40,0.0,random,500,0.5,group,2026,26,500
full,40,0.0,random,500,0.5,group,2026,27,500
full,40,0.0,random,500,0.5,group,2026,28,500
full,40,0.0,random,500,0.5,group,2026,29,500
full,40,0.0,random,500,0.5,group,2026,30,500
full,40,0.0,random,500,0.5,group,2026,31,500
full,40,0.0,random,500,0.5,group,2026,32,500
full,40,0.0,random,500,0.5,group,2026,33,500
full,40,0.0,random,500,0.5,group,2026,34,500
full,40,0.0,random,500,0.5,group,2026,35,500
full,40,0.0,random,500,0.5,group,2026,36,500
full,40,0.0,random,500,0.5,group,2026,37,500
full,40,0.0,random,500,0.5,group,2026,38,500
full,40,0.0,random,500,0.5,group,2026,39,500
full,40,0.5,adaptive,500,0.5,group,2026,0,500
full,40,0.5,adaptive,500,0.5,group,2026,1,500
full,40,0.5,adaptive,500,0.5,group,2026,2,500
full,40,0.5,adaptive,500,0.5,group,2026,3,500
full,40,0.5,adaptive,500,0.5,group,2026,4,500
full,40,0.5,adaptive,500,0.5,group,2026,5,500
full,40,0.5,adaptive,500,0.5,group,2026,6,500
full,40,0.5,adaptive,500,0.5,group,2026,7,500
full,40,0.5,adaptive,500,0.5,group,2026,8,500
full,40,0.5,adaptive,500,0.5,group,2026,9,500
full,40,0.5,adaptive,500,0.5,group,2026,10,500
full,40,0.5,adaptive,500,0.5,group,2026,11,500
full,40,0.5,adaptive,500,0.5,group,2026,12,500
full,40,0.5,adaptive,500,0.5,group,2026,13,500
full,40,0.5,adaptive,500,0.5,group,2026,14,500
full,40,0.5,adaptive,500,0.5,group,2026,15,500
full,40,0.5,adaptive,500,0.5,group,2026,16,500
full,40,0.5,adaptive,500,0.5,group,2026,17,500
full,40,0.5,adaptive,500,0.5,group,2026,18,500
full,40,0.5,adaptive,500,0.5,group,2026,19,500
full,40,0.5,adaptive,500,0.5,group,2026,20,500
full,40,0.5,adaptive,500,0.5,group,2026,21,500
full,40,0.5,adaptive,500,0.5,group,2026,22,500
full,40,0.5,adaptive,500,0.5,group,2026,23,500
full,40,0.5,adaptive,500,0.5,group,2026,24,500
full,40,0.5,adaptive,500,0.5,group,2026,25,500
full,40,0.5,adaptive,500,0.5,group,2026,26,500
full,40,0.5,adaptive,500,0.5,group,2026,27,500
full,40,0.5,adaptive,500,0.5,group,2026,28,500
full,40,0.5,adaptive,500,0.5,group,2026,29,500
full,40,0.5,adaptive,500,0.5,group,2026,30,500
full,40,0.5,adaptive,500,0.5,group,2026,31,500
full,40,0.5,adaptive,500,0.5,group,2026,32,500
full,40,0.5,adaptive,500,0.5,group,2026,33,500
full,40,0.5,adaptive,500,0.5,group,2026,34,500
full,40,0.5,adaptive,500,0.5,group,2026,35,500
full,40,0.5,adaptive,500,0.5,group,2026,36,500
full,40,0.5,adaptive,500,0.5,group,2026,37,500
full,40,0.5,adaptive,500,0.5,group,2026,38,500
full,40,0.5,adaptive,500,0.5,group,2026,39,500
full,40,0.5,random,500,0.5,group,2026,0,500
full,40,0.5,random,500,0.5,group,2026,1,500
full,40,0.5,random,500,0.5,group,2026,2,500
full,40,0.5,random,500,0.5,group,2026,3,500
full,40,0.5,random,500,0.5,group,2026,4,500
full,40,0.5,random,500,0.5,group,2026,5,500
full,40,0.5,random,500,0.5,group,2026,6,500
full,40,0.5,random,500,0.5,group,2026,7,500
full,40,0.5,random,500,0.5,group,2026,8,500
full,40,0.5,random,500,0.5,group,2026,9,500
full,40,0.5,random,500,0.5,group,2026,10,500
full,40,0.5,random,500,0.5,group,2026,11,500
full,40,0.5,random,500,0.5,group,2026,12,500
full,40,0.5,random,500,0.5,group,2026,13,500
full,40,0.5,random,500,0.5,group,2026,14,500
full,40,0.5,random,500,0.5,group,2026,15,500
full,40,0.5,random,500,0.5,group,2026,16,500
full,40,0.5,random,500,0.5,group,2026,17,500
full,40,0.5,random,500,0.5,group,2026,18,500
full,40,0.5,random,500,0.5,group,2026,19,500
full,40,0.5,random,500,0.5,group,2026,20,500
full,40,0.5,random,500,0.5,group,2026,21,500
full,40,0.5,random,500,0.5,group,2026,22,500
full,40,0.5,random,500,0.5,group,2026,23,500
full,40,0.5,random,500,0.5,group,2026,24,500
full,40,0.5,random,500,0.5,group,2026,25,500
full,40,0.5,random,500,0.5,group,2026,26,500
full,40,0.5,random,500,0.5,group,2026,27,500
full,40,0.5,random,500,0.5,group,2026,28,500
full,40,0.5,random,500,0.5,group,2026,29,500
full,40,0.5,random,500,0.5,group,2026,30,500
full,40,0.5,random,500,0.5,group,2026,31,500
full,40,0.5,random,500,0.5,group,2026,32,500
full,40,0.5,random,500,0.5,group,2026,33,500
full,40,0.5,random,500,0.5,group,2026,34,500
full,40,0.5,random,500,0.5,group,2026,35,500
full,40,0.5,random,500,0.5,group,2026,36,500
full,40,0.5,random,500,0.5,group,2026,37,500
full,40,0.5,random,500,0.5,group,2026,38,500
full,40,0.5,random,500,0.5,group,2026,39,500
