family,chapter,item_id,q_type,s_i,se_i,n_obs
mistranslation,7,uw-174429-open,open,-0.927248,1.369082,9
mistranslation,1,uw-174333-mcq,mcq,-0.872167,0.925662,9
mistranslation,5,uw-174407-open,open,-0.640207,0.752403,9
mistranslation,6,uw-174428-open,open,-0.628517,1.066185,9
mistranslation,8,uw-174448-open,open,-0.628517,1.066185,9
mistranslation,5,uw-174410-open,open,-0.412832,0.836391,9
mistranslation,8,uw-174445-open,open,-0.412832,0.836391,9
mistranslation,8,uw-174454-open,open,-0.412832,0.836391,9
mistranslation,8,uw-174452-open,open,-0.302057,0.707907,9
mistranslation,5,uw-174400-open,open,-0.000199,0.880527,9
mistranslation,2,uw-174354-mcq,mcq,-0.000181,1.003394,9
mistranslation,1,uw-174331-open,open,-0.000134,0.813534,9
mistranslation,4,uw-174395-open,open,-0.000134,0.813534,9
mistranslation,2,uw-174354-open,open,-0.000134,0.813534,9
mistranslation,6,uw-174421-open,open,-0.000061,0.738371,9
mistranslation,3,uw-174374-open,open,-0.000061,0.738371,9
mistranslation,8,uw-174444-open,open,-0.000036,0.717920,9
mistranslation,1,uw-174342-open,open,-0.000016,0.705363,9
mistranslation,2,uw-174352-open,open,0.000003,0.699719,9
mistranslation,5,uw-174400-mcq,mcq,0.000015,0.724654,9
mistranslation,1,uw-174323-mcq,mcq,0.000015,0.724654,9
mistranslation,4,uw-174377-mcq,mcq,0.000015,0.724654,9
mistranslation,4,uw-174392-mcq,mcq,0.000015,0.724654,9
mistranslation,4,uw-174396-mcq,mcq,0.000015,0.724654,9
mistranslation,5,uw-174410-mcq,mcq,0.000015,0.724654,9
mistranslation,4,uw-174382-mcq,mcq,0.000015,0.724654,9
mistranslation,7,uw-174430-mcq,mcq,0.000051,0.691592,9
mistranslation,8,uw-174454-mcq,mcq,0.000131,0.716312,9
mistranslation,3,uw-174366-mcq,mcq,0.000131,0.716312,9
mistranslation,4,uw-174379-open,open,0.302063,0.707906,9
mistranslation,2,uw-174350-open,open,0.306942,0.713643,9
mistranslation,8,uw-174446-open,open,0.318160,0.727083,9
mistranslation,7,uw-174440-open,open,0.337046,0.749556,9
mistranslation,1,uw-174328-open,open,0.366508,0.783986,9
mistranslation,6,uw-174423-open,open,0.366508,0.783986,9
mistranslation,6,uw-174427-open,open,0.366508,0.783986,9
mistranslation,6,uw-174415-open,open,0.366508,0.783986,9
mistranslation,1,uw-174325-open,open,0.488255,0.919371,9
mistranslation,3,uw-174365-open,open,0.488255,0.919371,9
mistranslation,7,uw-174436-mcq,mcq,0.602131,0.726099,9
mistranslation,8,uw-174446-mcq,mcq,0.602131,0.726099,9
mistranslation,8,uw-174455-open,open,0.608713,1.050398,9
mistranslation,4,uw-174384-open,open,0.619032,0.734665,9
mistranslation,2,uw-174349-open,open,0.622357,0.738238,9
mistranslation,7,uw-174434-open,open,0.627666,1.065780,9
mistranslation,1,uw-174316-open,open,0.627666,1.065780,9
mistranslation,1,uw-174332-open,open,0.629149,0.740863,9
mistranslation,4,uw-174389-open,open,0.629149,0.740863,9
mistranslation,1,uw-174324-open,open,0.653659,0.757539,9
mistranslation,1,uw-174330-open,open,0.653659,0.757539,9
mistranslation,2,uw-174361-mcq,mcq,0.656712,0.765846,9
mistranslation,4,uw-174387-mcq,mcq,0.675194,0.780340,9
mistranslation,1,uw-174333-open,open,0.676696,0.780016,9
mistranslation,1,uw-174329-open,open,0.676696,0.780016,9
mistranslation,5,uw-174409-open,open,0.696140,0.787330,9
mistranslation,7,uw-174431-open,open,0.739691,0.827018,9
mistranslation,8,uw-174445-mcq,mcq,0.871928,0.925459,9
mistranslation,4,uw-174399-mcq,mcq,0.871928,0.925459,9
mistranslation,7,uw-174440-mcq,mcq,0.871928,0.925459,9
mistranslation,8,uw-174444-mcq,mcq,0.871928,0.925459,9
mistranslation,2,uw-174347-open,open,0.877083,0.917758,9
mistranslation,2,uw-174355-open,open,0.877083,0.917758,9
mistranslation,3,uw-174366-open,open,0.877083,0.917758,9
mistranslation,8,uw-174449-open,open,0.877083,0.917758,9
mistranslation,7,uw-174441-open,open,0.877083,0.917758,9
mistranslation,1,uw-174341-open,open,0.929252,1.370505,9
mistranslation,4,uw-174393-open,open,0.948354,1.383842,9
mistranslation,1,uw-174336-open,open,0.979829,0.795866,9
mistranslation,7,uw-174432-open,open,0.979829,0.795866,9
mistranslation,1,uw-174339-open,open,1.031579,0.820504,9
mistranslation,3,uw-174370-open,open,1.031579,0.820504,9
mistranslation,4,uw-174399-open,open,1.031579,0.820504,9
mistranslation,2,uw-174361-open,open,1.043311,1.053514,9
mistranslation,5,uw-174412-open,open,1.215505,0.949476,9
mistranslation,3,uw-174368-open,open,1.246852,0.951882,9
mistranslation,7,uw-174432-mcq,mcq,1.371650,0.892646,9
mistranslation,4,uw-174395-mcq,mcq,1.389821,0.904156,9
mistranslation,1,uw-174344-open,open,1.398528,0.892912,9
mistranslation,1,uw-174340-open,open,1.418019,0.907992,9
mistranslation,1,uw-174317-open,open,1.424604,0.904492,9
mistranslation,2,uw-174357-open,open,1.424604,0.904492,9
mistranslation,4,uw-174377-open,open,1.510837,1.385010,9
mistranslation,4,uw-174398-open,open,1.510837,1.385010,9
mistranslation,1,uw-174332-mcq,mcq,1.629002,1.482869,9
mistranslation,3,uw-174365-mcq,mcq,1.629002,1.482869,9
mistranslation,3,uw-174375-mcq,mcq,1.629002,1.482869,9
mistranslation,7,uw-174431-mcq,mcq,1.629002,1.482869,9
mistranslation,1,uw-174317-mcq,mcq,1.629002,1.482869,9
mistranslation,2,uw-174359-mcq,mcq,1.629002,1.482869,9
mistranslation,6,uw-174414-mcq,mcq,1.629002,1.482869,9
mistranslation,7,uw-174434-mcq,mcq,1.629002,1.482869,9
mistranslation,7,uw-174441-mcq,mcq,1.629002,1.482869,9
mistranslation,1,uw-174341-mcq,mcq,1.641581,1.050971,9
mistranslation,5,uw-174401-open,open,1.905647,1.196484,9
mistranslation,7,uw-174442-open,open,1.997745,1.420546,9
mistranslation,1,uw-174326-open,open,1.997745,1.420546,9
mistranslation,4,uw-174394-open,open,1.997745,1.420546,9
mistranslation,1,uw-174335-open,open,2.005528,1.132277,9
mistranslation,4,uw-174387-open,open,2.005528,1.132277,9
mistranslation,7,uw-174436-open,open,2.051080,1.153280,9
mistranslation,3,uw-174370-mcq,mcq,2.279518,1.396749,9
mistranslation,1,uw-174335-mcq,mcq,2.605840,1.560962,9
mistranslation,4,uw-174389-mcq,mcq,2.605840,1.560962,9
mistranslation,5,uw-174403-mcq,mcq,2.605840,1.560962,9
mistranslation,2,uw-174347-mcq,mcq,2.605840,1.560962,9
mistranslation,1,uw-174318-mcq,mcq,2.605840,1.560962,9
mistranslation,2,uw-174362-open,open,3.103952,1.620953,9
mistranslation,7,uw-174429-mcq,mcq,3.512599,2.241242,9
mistranslation,7,uw-174430-open,open,3.532216,2.233146,9
mistranslation,3,uw-174374-mcq,mcq,4.161585,2.263782,9
mistranslation,4,uw-174379-mcq,mcq,4.161585,2.263782,9
mistranslation,1,uw-174318-open,open,4.365678,2.259706,9
mistranslation,3,uw-174375-open,open,4.365678,2.259706,9
mistranslation,5,uw-174403-open,open,4.365678,2.259706,9
mistranslation,2,uw-174359-open,open,4.382601,2.266282,9
mistranslation,1,uw-174340-mcq,mcq,4.462001,2.279824,9
mistranslation,1,uw-174344-mcq,mcq,4.462001,2.279824,9
mistranslation,4,uw-174378-mcq,mcq,4.462001,2.279824,9
