item_key,id,q_type,chapter,n_obs,n_events_minority,q_spread,y_var,mode,s_i,se_s_i,c_i,b_anchor,converged
luke1:item18:mcq,uw-174328-mcq,mcq,1,24,3,0.4245,0.10938,anchor,3.36634,0.77818,0.63906,-0.63906,1
luke4:item7:open,uw-174380-open,open,4,23,9,1.8575,0.23819,free,2.49473,0.66477,-0.66697,-1.18813,1
luke1:item32:mcq,uw-174336-mcq,mcq,1,24,9,0.4245,0.23438,anchor,2.10337,0.78813,0.63906,-0.63906,1
luke2:item22:mcq,uw-174361-mcq,mcq,2,23,3,0.9702,0.11342,anchor,2.07762,0.73197,0.63906,-0.63906,1
luke1:item31:open,uw-174336-open,open,1,24,6,0.4245,0.1875,anchor,1.96744,0.78119,0.74858,-0.74858,1
luke1:item34:mcq,uw-174339-mcq,mcq,1,24,12,0.4245,0.25,anchor,1.914,0.80186,0.86603,-0.86603,1
luke1:item37:open,uw-174341-open,open,1,24,5,0.4245,0.16493,anchor,1.65565,0.78103,0.53151,-0.53151,1
luke1:item28:mcq,uw-174333-mcq,mcq,1,24,9,0.4245,0.23438,anchor,1.53991,0.82518,1.09587,-1.09587,1
luke1:item19:open,uw-174329-open,open,1,24,12,0.4245,0.25,anchor,1.36642,0.7868,0.96735,-0.96735,1
luke1:item21:open,uw-174330-open,open,1,24,10,0.4245,0.24306,anchor,1.29738,0.79426,1.18813,-1.18813,1
luke2:item3:open,uw-174347-open,open,2,23,5,0.9702,0.17013,anchor,1.22194,0.72406,0.74858,-0.74858,1
luke1:item26:mcq,uw-174332-mcq,mcq,1,24,8,0.4245,0.22222,anchor,1.18501,0.82026,0.86603,-0.86603,1
luke5:item4:mcq,uw-174401-mcq,mcq,5,24,8,2.6314,0.22222,free,1.17318,0.60882,-0.13221,-1.09587,1
luke4:item16:mcq,uw-174387-mcq,mcq,4,23,8,1.8575,0.22684,free,1.13927,0.62288,-0.16908,-1.09587,1
luke8:item3:open,uw-174446,open,8,24,11,2.8244,0.24826,free,1.11633,0.60325,0.17986,-0.31578,1
luke8:item7:open,uw-174452,open,8,24,9,2.8244,0.23438,free,1.09574,0.52915,-0.6322,-0.31578,1
luke6:item3:open,uw-174415-open,open,6,24,9,0.6288,0.23438,anchor,1.02946,0.73675,0.96735,-0.96735,1
luke1:item1:open,uw-174316-open,open,1,24,10,0.4245,0.24306,anchor,1.00353,0.78168,0.101,-0.101,1
luke6:item4:mcq,uw-174415-mcq,mcq,6,24,8,0.6288,0.22222,anchor,0.96292,0.77532,0.86603,-0.86603,1
luke5:item3:open,uw-174401-open,open,5,24,5,2.6314,0.16493,anchor,0.93596,0.55072,0.96735,-0.96735,1
luke3:item12:mcq,uw-174374-mcq,mcq,3,24,4,5.8362,0.13889,anchor,0.9286,0.76344,1.09587,-1.09587,1
luke6:item5:open,uw-174421-open,open,6,24,6,0.6288,0.1875,anchor,0.91033,0.73371,-0.11329,0.11329,1
luke1:item38:mcq,uw-174341-mcq,mcq,1,24,7,0.4245,0.2066,anchor,0.8894,0.82876,0.86603,-0.86603,1
luke4:item25:open,uw-174394-open,open,4,23,9,1.8575,0.23819,free,0.8619,0.55255,-0.54187,-1.18813,1
luke2:item1:open,uw-174346-open,open,2,23,8,0.9702,0.22684,free,0.84327,0.80021,0.86854,-0.96735,1
luke5:item20:mcq,uw-174409-mcq,mcq,5,24,6,2.6314,0.1875,free,0.81773,0.56796,0.24176,-1.09587,1
luke1:item17:open,uw-174328-open,open,1,24,10,0.4245,0.24306,anchor,0.8156,0.80236,1.18813,-1.18813,1
luke3:item8:mcq,uw-174368-mcq,mcq,3,24,5,5.8362,0.16493,anchor,0.80147,0.74857,1.09587,-1.09587,1
luke4:item26:mcq,uw-174394-mcq,mcq,4,23,5,1.8575,0.17013,anchor,0.80064,0.72121,1.09587,-1.09587,1
luke5:item19:open,uw-174409-open,open,5,24,11,2.6314,0.24826,free,0.7857,0.43923,0.05496,-1.18813,1
luke4:item18:mcq,uw-174388-mcq,mcq,4,23,10,1.8575,0.24575,free,0.77944,0.56182,-0.6017,-0.19354,1
luke1:item23:open,uw-174331-open,open,1,24,8,0.4245,0.22222,anchor,0.7214,0.80415,1.18813,-1.18813,1
luke1:item6:mcq,uw-174318-mcq,mcq,1,24,7,0.4245,0.2066,anchor,0.69565,0.83457,0.86603,-0.86603,1
luke4:item13:open,uw-174384-open,open,4,23,9,1.8575,0.23819,free,0.66485,0.54636,-0.5255,-0.96735,1
luke8:item16:mcq,uw-174454-mcq,mcq,8,18,3,2.8244,0.13889,anchor,0.6563,0.60175,-0.02539,0.02539,1
luke1:item20:mcq,uw-174329-mcq,mcq,1,24,7,0.4245,0.2066,anchor,0.65602,0.83578,0.86603,-0.86603,1
luke2:item24:mcq,uw-174362-mcq,mcq,2,23,11,0.9702,0.24953,free,0.62209,0.77199,-0.80614,0.02539,1
luke4:item4:mcq,uw-174378-mcq,mcq,4,23,2,1.8575,0.0794,anchor,0.61908,0.71207,1.09587,-1.09587,1
luke7:item10:mcq,uw-174434-mcq,mcq,7,23,6,3.7006,0.19282,free,0.61085,0.54668,0.15385,-1.09587,1
luke4:item44:mcq,uw-174398-mcq,mcq,4,23,9,1.8575,0.23819,free,0.5986,0.53838,-1.35342,0.24218,1
luke4:item1:open,uw-174377-open,open,4,23,8,1.8575,0.22684,free,0.59357,0.5786,0.65876,-1.18813,1
luke4:item40:mcq,uw-174399-mcq,mcq,4,23,9,1.8575,0.23819,free,0.58714,0.56081,-0.41282,-0.19354,1
luke6:item11:open,uw-174424-open,open,6,24,12,0.6288,0.25,anchor,0.58091,0.72744,0.101,-0.101,1
luke5:item1:open,uw-174400-open,open,5,24,12,2.6314,0.25,free,0.55711,0.40234,-0.12359,-1.18813,1
luke6:item6:mcq,uw-174421-mcq,mcq,6,24,7,0.6288,0.2066,anchor,0.5374,0.74499,0.19354,-0.19354,1
luke1:item22:mcq,uw-174330-mcq,mcq,1,24,5,0.4245,0.16493,anchor,0.51828,0.8566,1.09587,-1.09587,1
luke1:item4:mcq,uw-174317-mcq,mcq,1,24,5,0.4245,0.16493,anchor,0.49535,0.85733,1.09587,-1.09587,1
luke1:item3:open,uw-174317-open,open,1,24,8,0.4245,0.22222,anchor,0.48003,0.79916,0.96735,-0.96735,1
luke7:item9:open,uw-174434-open,open,7,23,6,3.7006,0.19282,free,0.46186,0.35662,-1.27295,-0.74858,1
luke4:item3:open,uw-174378-open,open,4,23,2,1.8575,0.0794,anchor,0.45735,0.61097,1.18813,-1.18813,1
luke8:item12:mcq,uw-174449-mcq,mcq,8,18,1,2.8244,0.05247,anchor,0.45395,0.58346,0.19354,-0.19354,1
luke4:item23:open,uw-174393-open,open,4,23,10,1.8575,0.24575,free,0.45252,0.55136,0.25695,-0.96735,1
luke7:item1:open,uw-174429-open,open,7,23,10,3.7006,0.24575,free,0.44433,0.39652,0.15053,-0.96735,1
luke8:item4:mcq,uw-174445-mcq,mcq,8,18,7,2.8244,0.23765,free,0.44432,0.49023,-0.68835,0.02539,1
luke7:item4:mcq,uw-174430-mcq,mcq,7,23,8,3.7006,0.22684,free,0.44325,0.35253,-1.65642,0.02539,1
luke8:item8:mcq,uw-174447-mcq,mcq,8,18,8,2.8244,0.24691,free,0.44195,0.45681,-1.37713,0.02539,1
luke2:item10:mcq,uw-174351-mcq,mcq,2,23,4,0.9702,0.14367,anchor,0.43495,0.80998,1.09587,-1.09587,1
luke4:item31:open,uw-174396-open,open,4,23,9,1.8575,0.23819,free,0.42153,0.54142,-0.50647,-0.96735,1
luke8:item11:open,uw-174449-open,open,8,18,7,2.8244,0.23765,free,0.42057,0.48173,0.05927,-0.101,1
luke5:item13:open,uw-174406-open,open,5,24,3,2.6314,0.10938,anchor,0.41179,0.4783,1.18813,-1.18813,1
luke8:item6:open,uw-174449,open,8,6,0,1.0936,0.0,pooled1,0.41132,0.90081,0.13761,,1
luke2:item21:open,uw-174361-open,open,2,23,6,0.9702,0.19282,free,0.39453,0.79837,-1.00438,-0.74858,1
luke1:item30:mcq,uw-174335-mcq,mcq,1,24,3,0.4245,0.10938,anchor,0.387,0.86079,1.09587,-1.09587,1
luke2:item4:mcq,uw-174347-mcq,mcq,2,23,4,0.9702,0.14367,anchor,0.38266,0.81198,1.09587,-1.09587,1
luke5:item22:mcq,uw-174410-mcq,mcq,5,24,8,2.6314,0.22222,free,0.3822,0.37953,-1.68841,0.02539,1
luke8:item2:open,uw-174445,open,8,6,2,1.0936,0.22222,pooled1,0.38181,0.90044,0.13761,,1
luke5:item11:open,uw-174404-open,open,5,24,12,2.6314,0.25,free,0.3786,0.38945,-0.10026,-0.101,1
luke7:item11:open,uw-174436-open,open,7,23,8,3.7006,0.22684,free,0.37237,0.35151,-0.81538,-0.96735,1
luke8:item2:mcq,uw-174444-mcq,mcq,8,18,1,2.8244,0.05247,anchor,0.36579,0.69026,1.09587,-1.09587,1
luke1:item29:open,uw-174335-open,open,1,24,7,0.4245,0.2066,anchor,0.35595,0.8014,0.96735,-0.96735,1
luke4:item29:open,uw-174396-open,open,4,23,6,1.8575,0.19282,free,0.34482,0.59654,1.09229,-0.96735,1
luke2:item5:open,uw-174349-open,open,2,23,7,0.9702,0.21172,free,0.33335,0.80235,0.95245,-1.18813,1
luke8:item5:open,uw-174448,open,8,24,11,2.8244,0.24826,free,0.32541,0.46238,0.13121,-0.101,1
luke4:item42:mcq,uw-174396-mcq,mcq,4,23,1,1.8575,0.04159,anchor,0.32267,0.5908,0.19354,-0.19354,1
luke1:item36:mcq,uw-174340-mcq,mcq,1,24,3,0.4245,0.10938,anchor,0.3216,0.86288,1.09587,-1.09587,1
luke4:item12:mcq,uw-174382-mcq,mcq,4,23,8,1.8575,0.22684,free,0.31691,0.53891,-1.52185,-0.86603,1
luke4:item28:mcq,uw-174395-mcq,mcq,4,23,8,1.8575,0.22684,free,0.31164,0.55793,-0.2203,-0.86603,1
luke7:item8:mcq,uw-174432-mcq,mcq,7,23,11,3.7006,0.24953,free,0.30387,0.35273,-1.05912,-0.86603,1
luke7:item18:mcq,uw-174442-mcq,mcq,7,23,7,3.7006,0.21172,free,0.29933,0.3439,-1.82498,-0.86603,1
luke4:item22:mcq,uw-174392-mcq,mcq,4,23,6,1.8575,0.19282,free,0.29279,0.58967,0.19955,0.02539,1
luke2:item12:mcq,uw-174352-mcq,mcq,2,23,6,0.9702,0.19282,free,0.28069,0.80945,0.26947,-0.86603,1
luke2:item15:open,uw-174355-open,open,2,23,11,0.9702,0.24953,free,0.27573,0.77732,0.14716,-0.74858,1
luke3:item4:mcq,uw-174366-mcq,mcq,3,24,1,5.8362,0.03993,anchor,0.26912,0.48131,1.09587,-1.09587,1
luke8:item10:mcq,uw-174448-mcq,mcq,8,18,0,2.8244,0.0,anchor,0.26511,0.54155,0.19354,-0.19354,1
luke2:item17:open,uw-174357-open,open,2,23,7,0.9702,0.21172,free,0.26025,0.78946,-0.81777,0.11329,1
luke6:item14:mcq,uw-174427-mcq,mcq,6,24,5,0.6288,0.16493,anchor,0.24816,0.7535,0.19354,-0.19354,1
luke3:item13:open,uw-174375-open,open,3,24,1,5.8362,0.03993,anchor,0.24439,0.34448,1.18813,-1.18813,1
luke3:item14:mcq,uw-174375-mcq,mcq,3,24,1,5.8362,0.03993,anchor,0.24367,0.46248,1.09587,-1.09587,1
luke7:item16:mcq,uw-174441-mcq,mcq,7,23,3,3.7006,0.11342,anchor,0.243,0.42841,0.19354,-0.19354,1
luke8:item6:mcq,uw-174446-mcq,mcq,8,18,4,2.8244,0.17284,anchor,0.23502,0.4927,-0.24218,0.24218,1
luke1:item8:mcq,uw-174322-mcq,mcq,1,24,4,0.4245,0.13889,anchor,0.22444,0.86598,1.09587,-1.09587,1
luke6:item8:mcq,uw-174422-mcq,mcq,6,24,4,0.6288,0.13889,anchor,0.2111,0.8263,1.09587,-1.09587,1
luke6:item12:mcq,uw-174424-mcq,mcq,6,24,6,0.6288,0.1875,anchor,0.20596,0.75483,0.19354,-0.19354,1
luke7:item2:mcq,uw-174429-mcq,mcq,7,23,11,3.7006,0.24953,free,0.19742,0.34283,-1.043,-0.86603,1
luke4:item35:open,uw-174398-open,open,4,23,11,1.8575,0.24953,free,0.19542,0.5393,0.0746,-0.96735,1
luke7:item17:open,uw-174442-open,open,7,23,11,3.7006,0.24953,free,0.1866,0.34741,-0.20302,-0.96735,1
luke5:item17:open,uw-174408-open,open,5,24,4,2.6314,0.13889,anchor,0.18595,0.38023,0.101,-0.101,1
luke7:item12:mcq,uw-174436-mcq,mcq,7,23,11,3.7006,0.24953,free,0.18224,0.34181,-1.0405,-0.86603,1
luke5:item16:mcq,uw-174407-mcq,mcq,5,24,5,2.6314,0.16493,anchor,0.16693,0.42873,0.19354,-0.19354,1
luke3:item3:open,uw-174366-open,open,3,24,12,5.8362,0.25,free,0.16526,0.23749,-0.09391,-0.96735,1
luke2:item20:mcq,uw-174359-mcq,mcq,2,23,7,0.9702,0.21172,free,0.15712,0.79552,0.02478,-1.09587,1
luke2:item2:mcq,uw-174346-mcq,mcq,2,23,7,0.9702,0.21172,free,0.15712,0.79552,0.02478,-1.09587,1
luke3:item9:open,uw-174370-open,open,3,24,11,5.8362,0.24826,free,0.14716,0.24022,0.09346,-0.96735,1
luke3:item10:mcq,uw-174370-mcq,mcq,3,24,11,5.8362,0.24826,free,0.14578,0.23675,-0.76972,-0.86603,1
luke1:item2:mcq,uw-174316-mcq,mcq,1,24,6,0.4245,0.1875,anchor,0.143,0.80684,0.19354,-0.19354,1
luke4:item39:open,uw-174399-open,open,4,23,9,1.8575,0.23819,free,0.13868,0.54918,0.45972,-0.101,1
luke5:item18:mcq,uw-174408-mcq,mcq,5,24,5,2.6314,0.16493,anchor,0.1296,0.42327,0.19354,-0.19354,1
luke2:item9:open,uw-174351-open,open,2,23,6,0.9702,0.19282,free,0.12479,0.81096,1.12606,-0.96735,1
luke2:item8:mcq,uw-174350-mcq,mcq,2,23,3,0.9702,0.11342,anchor,0.11992,0.82198,1.09587,-1.09587,1
luke7:item13:open,uw-174440-open,open,7,23,6,3.7006,0.19282,free,0.11435,0.39288,1.00831,-0.96735,1
luke1:item42:mcq,uw-174343-mcq,mcq,1,24,7,0.4245,0.2066,anchor,0.11425,0.79592,-0.02539,0.02539,1
luke1:item44:mcq,uw-174344-mcq,mcq,1,24,2,0.4245,0.07639,anchor,0.11389,0.86949,1.09587,-1.09587,1
luke5:item7:open,uw-174403-open,open,5,24,9,2.6314,0.23438,free,0.11288,0.39352,0.49472,-1.18813,1
luke2:item14:mcq,uw-174354-mcq,mcq,2,23,7,0.9702,0.21172,free,0.10684,0.79494,0.01302,-1.09587,1
luke4:item19:open,uw-174389-open,open,4,23,8,1.8575,0.22684,free,0.10566,0.55731,0.6609,-0.101,1
luke7:item14:mcq,uw-174440-mcq,mcq,7,23,8,3.7006,0.22684,free,0.10153,0.36061,-0.28656,-0.86603,1
luke8:item4:open,uw-174447,open,8,6,1,1.0936,0.13889,pooled1,0.09913,0.89712,0.13761,,1
luke2:item7:open,uw-174350-open,open,2,23,7,0.9702,0.21172,free,0.09865,0.79979,0.8972,-0.74858,1
luke1:item41:open,uw-174343-open,open,1,24,11,0.4245,0.24826,anchor,0.09783,0.78016,-0.11329,0.11329,1
luke5:item2:mcq,uw-174400-mcq,mcq,5,24,9,2.6314,0.23438,free,0.09663,0.38611,-0.38069,-0.86603,1
luke4:item14:mcq,uw-174384-mcq,mcq,4,23,0,1.8575,0.0,anchor,0.09474,0.67765,1.09587,-1.09587,1
luke4:item34:mcq,uw-174397-mcq,mcq,4,23,0,1.8575,0.0,anchor,0.09474,0.67765,1.09587,-1.09587,1
luke4:item8:mcq,uw-174380-mcq,mcq,4,23,2,1.8575,0.0794,anchor,0.09434,0.67762,1.09587,-1.09587,1
luke2:item11:open,uw-174352-open,open,2,23,11,0.9702,0.24953,free,0.09372,0.77657,0.10536,-0.96735,1
luke2:item23:open,uw-174362-open,open,2,23,11,0.9702,0.24953,free,0.0884,0.77655,0.10414,-0.101,1
luke7:item5:open,uw-174431-open,open,7,23,7,3.7006,0.21172,free,0.08818,0.35371,-0.95282,-0.74858,1
luke8:item17:open,uw-174455-open,open,8,18,2,2.8244,0.09877,anchor,0.08663,0.48639,0.74858,-0.74858,1
luke1:item27:open,uw-174333-open,open,1,24,7,0.4245,0.2066,anchor,0.08573,0.81781,1.18813,-1.18813,1
luke7:item7:open,uw-174432-open,open,7,23,9,3.7006,0.23819,free,0.07342,0.35425,0.38172,-0.96735,1
luke6:item1:open,uw-174414-open,open,6,24,8,0.6288,0.22222,anchor,0.07083,0.7574,0.96735,-0.96735,1
luke4:item41:open,uw-174396-open,open,4,23,8,1.8575,0.22684,free,0.06132,0.55608,0.66258,-0.101,1
luke5:item12:mcq,uw-174404-mcq,mcq,5,24,8,2.6314,0.22222,free,0.05834,0.38298,-1.61164,0.02539,1
luke3:item1:open,uw-174365-open,open,3,24,9,5.8362,0.23438,free,0.05321,0.23833,0.49504,-0.96735,1
luke4:item10:mcq,uw-174381-mcq,mcq,4,23,8,1.8575,0.22684,free,0.05266,0.54792,-0.21483,-0.86603,1
luke8:item8:open,uw-174454,open,8,6,2,1.0936,0.22222,pooled1,0.04647,0.89656,0.13761,,1
luke6:item9:open,uw-174423-open,open,6,24,6,0.6288,0.1875,anchor,0.03819,0.77128,1.18813,-1.18813,1
luke3:item5:open,uw-174367-open,open,3,24,8,5.8362,0.22222,free,0.03506,0.23002,-0.77849,0.11329,1
luke5:item25:open,uw-174403-open,open,5,24,9,2.6314,0.23438,free,0.03404,0.38966,0.5081,-0.31578,1
luke2:item6:mcq,uw-174349-mcq,mcq,2,23,10,0.9702,0.24575,free,0.03064,0.77075,-1.12153,-0.86603,1
luke1:item11:open,uw-174324-open,open,1,24,5,0.4245,0.16493,anchor,0.02281,0.8193,1.18813,-1.18813,1
luke5:item14:mcq,uw-174406-mcq,mcq,5,24,8,2.6314,0.22222,free,0.01033,0.38985,-0.17855,-0.86603,1
luke5:item24:mcq,uw-174412-mcq,mcq,5,24,8,2.6314,0.22222,free,0.01033,0.38985,-0.17855,0.02539,1
luke6:item13:open,uw-174427-open,open,6,24,12,0.6288,0.25,anchor,0.00099,0.72721,-0.11329,0.11329,1
luke4:item15:open,uw-174387-open,open,4,23,10,1.8575,0.24575,free,-0.00128,0.54041,0.27276,-0.74858,1
luke7:item6:mcq,uw-174431-mcq,mcq,7,23,10,3.7006,0.24575,free,-0.03273,0.33998,-1.18295,-0.63906,1
luke7:item15:open,uw-174441-open,open,7,23,9,3.7006,0.23819,free,-0.03662,0.34734,0.40044,-0.101,1
luke4:item17:open,uw-174388-open,open,4,23,11,1.8575,0.24953,free,-0.04118,0.53579,-0.10062,-0.101,1
luke3:item6:mcq,uw-174367-mcq,mcq,3,24,7,5.8362,0.2066,free,-0.04631,0.23355,0.03973,0.02539,1
luke2:item13:open,uw-174354-open,open,2,23,6,0.9702,0.19282,free,-0.05292,0.80915,1.08553,-1.18813,1
luke3:item2:mcq,uw-174365-mcq,mcq,3,24,6,5.8362,0.1875,free,-0.05583,0.24006,0.25628,-1.09587,1
luke5:item10:mcq,uw-174403-mcq,mcq,5,24,8,2.6314,0.22222,free,-0.06114,0.38634,-0.16462,-0.19354,1
luke5:item8:mcq,uw-174403-mcq,mcq,5,24,8,2.6314,0.22222,free,-0.06114,0.38634,-0.16462,-1.09587,1
luke3:item7:open,uw-174368-open,open,3,24,5,5.8362,0.16493,anchor,-0.06171,0.23134,0.96735,-0.96735,1
luke5:item6:mcq,uw-174402-mcq,mcq,5,24,7,2.6314,0.2066,free,-0.08217,0.39516,0.03743,-0.86603,1
luke7:item3:open,uw-174430-open,open,7,23,11,3.7006,0.24953,free,-0.0952,0.34449,-0.15356,0.11329,1
luke4:item5:open,uw-174379-open,open,4,23,11,1.8575,0.24953,free,-0.10838,0.53655,0.08968,-0.74858,1
luke4:item20:mcq,uw-174389-mcq,mcq,4,23,10,1.8575,0.24575,free,-0.12499,0.5313,-1.12243,0.45728,1
luke4:item6:mcq,uw-174379-mcq,mcq,4,23,1,1.8575,0.04159,anchor,-0.12656,0.66075,1.09587,-1.09587,1
luke2:item18:mcq,uw-174357-mcq,mcq,2,23,4,0.9702,0.14367,anchor,-0.15108,0.75517,0.19354,-0.19354,1
luke3:item11:open,uw-174374-open,open,3,24,10,5.8362,0.24306,free,-0.15414,0.22738,0.38935,-0.96735,1
luke2:item16:mcq,uw-174355-mcq,mcq,2,23,4,0.9702,0.14367,anchor,-0.16057,0.83249,1.09587,-1.09587,1
luke5:item21:open,uw-174410-open,open,5,24,4,2.6314,0.13889,anchor,-0.16099,0.37905,-0.32756,0.32756,1
luke5:item26:mcq,uw-174403-mcq,mcq,5,24,7,2.6314,0.2066,free,-0.19165,0.39056,0.06338,-0.19354,1
luke4:item30:mcq,uw-174396-mcq,mcq,4,23,4,1.8575,0.14367,anchor,-0.19879,0.65513,1.09587,-1.09587,1
luke4:item32:mcq,uw-174396-mcq,mcq,4,23,4,1.8575,0.14367,anchor,-0.19879,0.65513,1.09587,-1.09587,1
luke1:item43:open,uw-174344-open,open,1,24,4,0.4245,0.13889,anchor,-0.2023,0.82479,1.18813,-1.18813,1
luke1:item14:mcq,uw-174325-mcq,mcq,1,24,4,0.4245,0.13889,anchor,-0.20809,0.81603,0.19354,-0.19354,1
luke1:item15:open,uw-174326-open,open,1,24,9,0.4245,0.23438,anchor,-0.22047,0.78281,0.101,-0.101,1
luke1:item24:mcq,uw-174331-mcq,mcq,1,24,2,0.4245,0.07639,anchor,-0.22541,0.88016,1.09587,-1.09587,1
luke4:item21:open,uw-174392-open,open,4,23,11,1.8575,0.24953,free,-0.2311,0.53684,0.09645,-0.101,1
luke1:item9:open,uw-174323-open,open,1,24,6,0.4245,0.1875,anchor,-0.23827,0.81363,0.96735,-0.96735,1
luke4:item36:mcq,uw-174398-mcq,mcq,4,23,9,1.8575,0.23819,free,-0.2486,0.53927,-1.30074,-0.63906,1
luke4:item38:mcq,uw-174398-mcq,mcq,4,23,9,1.8575,0.23819,free,-0.2486,0.53927,-1.30074,0.24218,1
luke1:item12:mcq,uw-174324-mcq,mcq,1,24,1,0.4245,0.03993,anchor,-0.26293,0.88133,1.09587,-1.09587,1
luke1:item25:open,uw-174332-open,open,1,24,3,0.4245,0.10938,anchor,-0.26941,0.82647,1.18813,-1.18813,1
luke1:item7:open,uw-174322-open,open,1,24,4,0.4245,0.13889,anchor,-0.27518,0.82662,1.18813,-1.18813,1
luke8:item18:mcq,uw-174455-mcq,mcq,8,18,5,2.8244,0.20062,anchor,-0.27928,0.50729,0.86603,-0.86603,1
luke4:item2:mcq,uw-174377-mcq,mcq,4,23,10,1.8575,0.24575,free,-0.2807,0.53113,-0.5731,-0.63906,1
luke1:item40:mcq,uw-174342-mcq,mcq,1,24,4,0.4245,0.13889,anchor,-0.29224,0.81836,0.19354,-0.19354,1
luke4:item11:open,uw-174382-open,open,4,23,7,1.8575,0.21172,free,-0.29418,0.56693,-0.86502,-0.96735,1
luke4:item27:open,uw-174395-open,open,4,23,9,1.8575,0.23819,free,-0.30341,0.54337,0.4842,-0.96735,1
luke8:item1:open,uw-174444,open,8,24,4,2.8244,0.13889,anchor,-0.32144,0.45117,0.96735,-0.96735,1
luke1:item33:open,uw-174339-open,open,1,24,3,0.4245,0.10938,anchor,-0.36866,0.82901,1.18813,-1.18813,1
luke4:item24:mcq,uw-174393-mcq,mcq,4,23,8,1.8575,0.22684,free,-0.37306,0.54189,-0.18761,-1.09587,1
luke5:item15:open,uw-174407-open,open,5,24,8,2.6314,0.22222,free,-0.37871,0.38733,0.79752,0.11329,1
luke8:item14:mcq,uw-174452-mcq,mcq,8,18,1,2.8244,0.05247,anchor,-0.42617,0.48598,0.86603,-0.86603,1
luke4:item37:open,uw-174398-open,open,4,23,10,1.8575,0.24575,free,-0.4274,0.5444,-0.2707,0.11329,1
luke5:item9:open,uw-174403-open,open,5,24,7,2.6314,0.2066,free,-0.42995,0.39342,1.02284,-0.101,1
luke6:item2:mcq,uw-174414-mcq,mcq,6,24,3,0.6288,0.10938,anchor,-0.45866,0.83573,0.86603,-0.86603,1
luke4:item43:open,uw-174398-open,open,4,23,5,1.8575,0.17013,anchor,-0.45987,0.54107,-0.11329,0.11329,1
luke6:item10:mcq,uw-174423-mcq,mcq,6,24,1,0.6288,0.03993,anchor,-0.46158,0.85587,1.09587,-1.09587,1
luke1:item35:open,uw-174340-open,open,1,24,3,0.4245,0.10938,anchor,-0.48707,0.83208,1.18813,-1.18813,1
luke4:item33:open,uw-174397-open,open,4,23,5,1.8575,0.17013,anchor,-0.51765,0.56726,1.18813,-1.18813,1
luke6:item7:open,uw-174422-open,open,6,24,2,0.6288,0.07639,anchor,-0.52235,0.79035,1.18813,-1.18813,1
luke2:item19:open,uw-174359-open,open,2,23,11,0.9702,0.24953,free,-0.55104,0.77691,-0.22842,-0.74858,1
luke6:item16:mcq,uw-174428-mcq,mcq,6,24,3,0.6288,0.10938,anchor,-0.57808,0.78337,0.19354,-0.19354,1
luke4:item9:open,uw-174381-open,open,4,23,8,1.8575,0.22684,free,-0.6599,0.55141,0.71909,-0.74858,1
luke1:item10:mcq,uw-174323-mcq,mcq,1,24,0,0.4245,0.0,anchor,-0.67491,0.89381,1.09587,-1.09587,1
luke8:item9:open,uw-174455,open,8,24,11,2.8244,0.24826,free,-0.68826,0.50837,-0.20093,0.32756,1
luke1:item13:open,uw-174325-open,open,1,24,6,0.4245,0.1875,anchor,-0.70416,0.79406,0.31578,-0.31578,1
luke5:item5:open,uw-174402-open,open,5,24,11,2.6314,0.24826,free,-0.762,0.41045,0.28423,-0.53151,1
luke5:item23:open,uw-174412-open,open,5,24,5,2.6314,0.16493,anchor,-0.77427,0.45134,-0.32756,0.32756,1
luke1:item16:mcq,uw-174326-mcq,mcq,1,24,3,0.4245,0.10938,anchor,-0.81872,0.83373,0.19354,-0.19354,1
luke8:item13:open,uw-174452-open,open,8,18,6,2.8244,0.22222,free,-0.8608,0.65018,-1.04078,-0.53151,1
luke6:item15:open,uw-174428-open,open,6,24,6,0.6288,0.1875,anchor,-1.11345,0.74465,0.101,-0.101,1
luke1:item39:open,uw-174342-open,open,1,24,6,0.4245,0.1875,anchor,-1.12628,0.79315,0.101,-0.101,1
luke1:item5:open,uw-174318-open,open,1,24,1,0.4245,0.03993,anchor,-1.12899,0.84959,1.18813,-1.18813,1
luke8:item15:open,uw-174454-open,open,8,18,7,2.8244,0.23765,free,-1.3381,0.63793,0.23014,0.32756,1
