chapter,pair,dA,dB,delta_AB,delta_A,delta_B,delta_0,interaction,se,n_items
1,grammar+omission,10%,10%,0.6112581549193654,0.31334717598501255,0.8723404635138627,0.3938442138474141,-0.18058527073209585,0.707575370670374,44
1,grammar+omission,10%,20%,0.8097333889116402,0.31334717598501255,0.8723404635138625,0.3938442138474141,0.01788996326017922,0.699325490515447,44
1,grammar+omission,20%,10%,0.80973338891164,0.46797837000127196,0.8723404635138627,0.3938442138474141,-0.13674123075608058,0.6901515474993913,44
1,grammar+omission,20%,20%,0.8723404635138625,0.46797837000127196,0.8723404635138625,0.3938442138474141,-0.07413415615385788,0.6878680071069389,44
1,mistranslation+addition,10%,bad_10%,-0.15701714166480712,0.14422258827761822,0.3133471759850125,0.00927142681689243,-0.6053154791105454,0.8558060527708651,32
1,mistranslation+addition,10%,bad_20%,0.024225979230665023,0.14422258827761822,0.6112581549193654,0.00927142681689243,-0.7219833371494262,0.8283328980031457,32
1,mistranslation+omission,10%,10%,0.5651621919150589,0.14422258827761822,0.8723404635138627,0.009271426816892452,-0.4421294330595297,0.7673272436835178,33
1,mistranslation+omission,10%,20%,0.8976093336120413,0.14422258827761822,0.8723404635138625,0.009271426816892452,-0.10968229136254704,0.7655222015112866,30
1,mistranslation+addition,20%,bad_10%,0.21362713642942593,0.31334717598501255,0.3133471759850125,0.00927142681689243,-0.4037957887237067,0.8196580792359157,31
1,mistranslation+addition,20%,bad_20%,0.3017202230381536,0.31334717598501255,0.6112581549193654,0.00927142681689243,-0.613613681049332,0.8104967320591062,28
1,mistranslation+omission,20%,10%,0.6024989348937023,0.31334717598501255,0.8723404635138627,0.009271426816892452,-0.5739172777882806,0.7443720502307464,36
1,mistranslation+omission,20%,20%,0.05320743748010617,0.31334717598501255,0.8723404635138625,0.009271426816892452,-1.1232087752018765,0.834030452582901,26
2,grammar+omission,10%,10%,0.16338125888759972,0.9298514137364635,0.16338125888759966,0.1915190524723662,-0.7383323612640973,0.9986795953848634,24
2,grammar+omission,10%,20%,0.5800831660362339,0.9298514137364635,-0.6231904630686788,0.1915190524723662,0.46494126784081535,1.0703045872856731,24
2,grammar+omission,20%,10%,0.31249287962077854,0.9298514137364635,0.16338125888759966,0.1915190524723662,-0.5892207405309184,0.9863836893145803,24
2,grammar+omission,20%,20%,0.3124928796207786,0.9298514137364635,-0.6231904630686788,0.1915190524723662,0.19735098142536,1.0866987445145437,24
2,mistranslation+addition,10%,bad_10%,1.6479470878835085,0.9298514137364636,0.9298514137364635,0.00939605041222928,-0.20235968917718938,0.9408959612042428,16
2,mistranslation+addition,10%,bad_20%,1.179694987825084,0.9298514137364636,1.1407103904813949,0.00939605041222928,-0.8814707659805453,0.9497299994418276,16
2,mistranslation+omission,10%,10%,1.1263735174242226,0.9298514137364636,0.16338125888759966,0.00939605041222928,0.0425368952123886,1.027907729764962,14
2,mistranslation+omission,10%,20%,1.920832421742138,0.9298514137364636,-0.6231904630686788,0.00939605041222928,1.6235675214865823,1.0779453757242101,17
2,mistranslation+addition,20%,bad_10%,1.6742334136568555,1.5309527947440427,0.9298514137364635,0.00939605041222928,-0.7771747444114214,0.8830974943017886,22
2,mistranslation+addition,20%,bad_20%,0.8819977111134711,1.5309527947440427,1.1407103904813949,0.00939605041222928,-1.7802694236997372,0.9101591586541956,21
2,mistranslation+omission,20%,10%,1.2142259528012846,1.5309527947440427,0.16338125888759966,0.00939605041222928,-0.47071205041812847,0.9404003578388017,23
2,mistranslation+omission,20%,20%,1.3366159156715094,1.5309527947440427,-0.6231904630686788,0.00939605041222928,0.4382496344083747,1.0504577075449582,21
3,grammar+omission,10%,10%,-1.2536605169610455,0.04717379830710891,-2.2422428359469535,-1.0701990097750391,-0.1287904890962399,2.3533881051657266,14
3,grammar+omission,10%,20%,-0.6813433582999915,0.04717379830710891,-0.6813433582999915,-1.0701990097750391,-1.1173728080821481,1.779842764337229,14
3,grammar+omission,20%,10%,-2.2422428359469535,-0.6813433582999915,-2.2422428359469535,-1.0701990097750391,-0.38885565147504764,2.703499474456852,14
3,grammar+omission,20%,20%,-0.2741669508977545,-0.6813433582999915,-0.6813433582999915,-1.0701990097750391,0.018320755927189403,1.8158683164130653,14
3,mistranslation+addition,10%,bad_10%,-0.011526726573981067,-0.6813433582999915,0.04717379830710891,-0.6813433582999915,-0.05870052488108993,1.6590011206701243,11
3,mistranslation+addition,10%,bad_20%,0.31674206115792736,-0.6813433582999915,-0.6813433582999915,-0.6813433582999915,0.9980854194579188,1.68807022665343,14
3,mistranslation+omission,10%,10%,-2.121626431127503,-0.6813433582999915,-2.2422428359469535,-1.0701990097750391,-0.2682392466555972,2.720477521546728,14
3,mistranslation+omission,10%,20%,-0.5423412066134627,-0.6813433582999915,-0.6813433582999915,-1.0701990097750391,-0.2498534997885189,1.874870786251397,14
3,mistranslation+addition,20%,bad_10%,0.6734632958673799,0.04717379830710891,0.04717379830710891,-0.6813433582999915,-0.10222765904682946,1.4377889634322862,14
3,mistranslation+addition,20%,bad_20%,1.0803475201241717,0.04717379830710891,-0.6813433582999915,-0.6813433582999915,1.0331737218170627,1.552058015217778,12
3,mistranslation+omission,20%,10%,0.1611849235722672,0.04717379830710891,-2.2422428359469535,-1.0701990097750391,1.2860549514370727,2.204512469092611,11
3,mistranslation+omission,20%,20%,0.5621465803115995,0.04717379830710891,-0.6813433582999915,-1.0701990097750391,0.12611713052944296,1.6352187820628472,14
4,grammar+omission,10%,10%,0.5351194812178063,0.7072149407776106,0.14438367974905086,0.17366029394621577,-0.14281884536263945,0.7307364928470085,36
4,grammar+omission,10%,20%,1.0847450390172475,0.7072149407776106,0.2997414946056945,0.17366029394621577,0.25144889758015815,0.7227941189530447,31
4,grammar+omission,20%,10%,0.7706453118452028,1.0600196810301072,0.14438367974905086,0.17366029394621577,-0.26009775498773957,0.7109848280828222,36
4,grammar+omission,20%,20%,1.2557698274390028,1.0600196810301072,0.2997414946056945,0.17366029394621577,0.06966894574941679,0.6878259343218174,36
4,mistranslation+addition,10%,bad_10%,-0.0720917631276925,0.14438367974905086,0.4439158565628323,0.5135392247239969,-0.1468520747155787,0.8190011501796347,28
4,mistranslation+addition,10%,bad_20%,0.04203761458105844,0.14438367974905086,0.2997414946056945,0.5135392247239969,0.11145166495031006,0.825488485908744,27
4,mistranslation+omission,10%,10%,-0.11516869513715855,0.14438367974905086,0.14438367974905086,0.17366029394621585,-0.23027576068904443,0.8594162412997803,27
4,mistranslation+omission,10%,20%,1.5512817138320034,0.14438367974905086,0.2997414946056945,0.17366029394621585,1.2808168334234742,0.7304752216232586,32
4,mistranslation+addition,20%,bad_10%,1.3822585592992112,1.588838181750192,0.4439158565628323,0.5135392247239969,-0.13695625428981617,0.695850547065317,26
4,mistranslation+addition,20%,bad_20%,1.8357135740709158,1.588838181750192,0.2997414946056945,0.5135392247239969,0.4606731224390263,0.6796554799337859,31
4,mistranslation+omission,20%,10%,1.3800362144248794,1.588838181750192,0.14438367974905086,0.17366029394621585,-0.17952535312814744,0.7384044988449023,23
4,mistranslation+omission,20%,20%,1.4509492401842814,1.588838181750192,0.2997414946056945,0.17366029394621585,-0.26397014222538934,0.7394864283506191,21
5,grammar+omission,10%,10%,-0.35166254872603825,0.01571425534852578,-1.6797876448454252,-0.6504700578123896,0.6619407829584714,1.368643967055372,15
5,grammar+omission,10%,20%,0.525500466524591,0.01571425534852578,-0.2675753564344124,-0.6504700578123896,0.126891509798088,1.0542988789624608,18
5,grammar+omission,20%,10%,-0.6465374762887024,0.01571425534852584,-1.6797876448454252,-0.6504700578123896,0.3670658553958073,1.3251439933560512,22
5,grammar+omission,20%,20%,0.7165926674216782,0.01571425534852584,-0.2675753564344124,-0.6504700578123896,0.31798371069517506,1.0122166871431038,22
5,mistranslation+addition,10%,bad_10%,0.32336469420021413,-1.041061791206001,-1.0410617912060012,-0.41943341791608896,1.9860548586961273,1.2360564262492533,18
5,mistranslation+addition,10%,bad_20%,-0.020309669997749445,-1.041061791206001,-1.0410617912060012,-0.41943341791608896,1.6423804944981637,1.2946243312659573,15
5,mistranslation+omission,10%,10%,-0.3515055399521558,-1.041061791206001,-1.6797876448454252,-0.6504700578123895,1.718873838286881,1.5177618994513742,11
5,mistranslation+omission,10%,20%,1.4159654909983175,-1.041061791206001,-0.2675753564344124,-0.6504700578123895,2.0741325808263413,1.1244697246817852,20
5,mistranslation+addition,20%,bad_10%,0.5938949683007092,-0.6061962756831548,-1.0410617912060012,-0.41943341791608896,1.8217196172737762,1.1700631138940645,18
5,mistranslation+addition,20%,bad_20%,-0.014796413655713467,-0.6061962756831548,-1.0410617912060012,-0.41943341791608896,1.2130282353173536,1.2129448443742317,18
5,mistranslation+omission,20%,10%,-0.490799753866823,-0.6061962756831548,-1.6797876448454252,-0.6504700578123895,1.1447141088493673,1.4067841053929222,16
5,mistranslation+omission,20%,20%,-0.6078747201110799,-0.6061962756831548,-0.2675753564344124,-0.6504700578123895,-0.38457314580590213,1.3670360061592832,11
6,grammar+omission,10%,10%,0.10595909824207801,-0.4256354548732392,-1.1236128523910285,-0.4256354548732393,1.2295719506331064,1.4916464962287965,15
6,grammar+omission,10%,20%,0.10595909587574055,-0.4256354548732392,-1.1236128523910285,-0.4256354548732393,1.229571948266769,1.4916464963724225,15
6,grammar+omission,20%,10%,-0.16632023814463778,-1.1236128523910285,-1.1236128523910285,-0.4256354548732393,1.6552700117641799,1.597786326854471,16
6,grammar+omission,20%,20%,-0.4256354548732392,-1.1236128523910285,-1.1236128523910285,-0.4256354548732393,1.3959547950355784,1.622339010434165,16
6,mistranslation+addition,10%,bad_10%,0.10595909587574055,0.4493539121883381,0.06011233157471348,-0.6944283698732256,-1.0979355177605366,1.2721623729101637,15
6,mistranslation+addition,10%,bad_20%,-0.7842107517557861,0.4493539121883381,-0.4256354548732392,-0.6944283698732256,-1.5023575789441106,1.4927560936599555,11
6,mistranslation+omission,10%,10%,0.16260535341998852,0.4493539121883381,-1.1236128523910285,-0.6944283698732258,0.14243592374945313,1.4473687484229854,14
6,mistranslation+omission,10%,20%,0.3770746293674837,0.4493539121883381,-1.1236128523910285,-0.6944283698732258,0.35690519969694834,1.4357276357650326,13
6,mistranslation+addition,20%,bad_10%,-0.2527236141658137,-1.1236128523910285,0.06011233157471348,-0.6944283698732256,0.11634853677727566,1.550251124432645,12
6,mistranslation+addition,20%,bad_20%,-0.2527236141658137,-1.1236128523910285,-0.4256354548732392,-0.6944283698732256,0.6020963232252283,1.5927765143682704,12
6,mistranslation+omission,20%,10%,0.4901336430284434,-1.1236128523910285,-1.1236128523910285,-0.6944283698732258,2.0429309779372744,1.6669870045093318,9
6,mistranslation+omission,20%,20%,-1.2575840547762591,-1.1236128523910285,-1.1236128523910285,-0.6944283698732258,0.2952132801325722,1.8891656549977183,12
7,grammar+omission,10%,10%,0.6762665017160994,0.7641264169284064,1.0441342500651867,0.6625421848887165,-0.4694519803887772,1.136686006700771,9
7,grammar+omission,10%,20%,0.8317598433341618,0.7641264169284064,1.3031421655022741,0.6625421848887165,-0.5729665542078023,1.1752641411647915,8
7,grammar+omission,20%,10%,0.7641264169284064,0.7641264169284064,1.0441342500651867,0.6625421848887165,-0.38159206517647004,1.0088505172554234,18
7,grammar+omission,20%,20%,1.1756809707638696,0.7641264169284064,1.3031421655022741,0.6625421848887165,-0.22904542677809459,0.9828065638232374,18
7,mistranslation+addition,10%,bad_10%,1.4982674014586328,0.45065264656577037,0.08221442696873334,0.478210281680341,1.4436106096044703,1.200857426130542,8
7,mistranslation+addition,10%,bad_20%,0.918111387794763,0.45065264656577037,0.08221442696873334,0.478210281680341,0.8634545959406003,1.1073797030965016,16
7,mistranslation+omission,10%,10%,1.3362894038553748,0.45065264656577037,1.0441342500651867,0.08221442696873324,-0.07628306580684896,1.0342492993841643,17
7,mistranslation+omission,10%,20%,1.6762006853517106,0.45065264656577037,1.3031421655022741,0.08221442696873324,0.004620300252399456,1.0381009779396326,15
7,mistranslation+addition,20%,bad_10%,0.5091215149002384,0.45065264656577025,0.08221442696873334,0.478210281680341,0.4544647230460758,1.1389737030171023,15
7,mistranslation+addition,20%,bad_20%,0.581708328610278,0.45065264656577025,0.08221442696873334,0.478210281680341,0.5270515367561154,1.1688051476853412,13
7,mistranslation+omission,20%,10%,0.5295201455367903,0.45065264656577025,1.0441342500651867,0.08221442696873324,-0.8830523241254333,1.098539120474,14
7,mistranslation+omission,20%,20%,2.106478082278966,0.45065264656577025,1.3031421655022741,0.08221442696873324,0.43489769717965476,1.1651489580298655,7
8,grammar+omission,10%,10%,0.6749854261703117,0.0408954213243123,-0.32473407173938945,0.0408954213243123,0.999719497909701,1.097871468995009,15
8,grammar+omission,10%,20%,0.6573518775312643,0.0408954213243123,1.1440585816991082,0.0408954213243123,-0.4867067041678439,1.0984262961571012,10
8,grammar+omission,20%,10%,0.4971190788639537,0.6343485030747709,-0.32473407173938945,0.0408954213243123,0.2284000688528846,1.0581953873738623,18
8,grammar+omission,20%,20%,0.7666564859921593,0.6343485030747709,1.1440585816991082,0.0408954213243123,-0.9708551774574075,0.9705888623733235,18
8,mistranslation+addition,10%,bad_10%,-0.07571097314562972,0.0408954213243123,-0.32473407173938945,-0.05094781536862173,0.15717986190082572,1.1632866354313,15
8,mistranslation+addition,10%,bad_20%,0.4497125315971643,0.0408954213243123,0.040895421324312335,-0.05094781536862173,0.3169738735799179,1.1357322142779678,12
8,mistranslation+omission,10%,10%,0.5993866393736071,0.0408954213243123,-0.32473407173938945,0.2073208810739983,1.0905461708626825,1.128116130768651,13
8,mistranslation+omission,10%,20%,0.6301188745670594,0.0408954213243123,1.1440585816991082,0.2073208810739983,-0.3475142473823629,1.0259769049539176,15
8,mistranslation+addition,20%,bad_10%,0.5365610433132788,0.35365221222941434,-0.32473407173938945,-0.05094781536862173,0.45669508745463216,1.1051403600383758,15
8,mistranslation+addition,20%,bad_20%,0.5747472930213482,0.35365221222941434,0.040895421324312335,-0.05094781536862173,0.1292518440989998,1.0864273563538849,14
8,mistranslation+omission,20%,10%,1.1600050697571669,0.35365221222941434,-0.32473407173938945,0.2073208810739983,1.3384078103411403,1.096949996494216,12
8,mistranslation+omission,20%,20%,1.0740763510866325,0.35365221222941434,1.1440585816991082,0.2073208810739983,-0.21631356176789174,0.9692316946839282,18
