chapter,method,source_words,mqm_penalty_per_1000,mqm_quality_0_1,accuracy_omission_count_rate,accuracy_omission_penalty_rate,accuracy_mistranslation_count_rate,accuracy_mistranslation_penalty_rate,accuracy_addition_count_rate,accuracy_addition_penalty_rate,fluency_grammar_count_rate,fluency_grammar_penalty_rate,terminology_count_rate,terminology_penalty_rate,untranslated_non_translation_count_rate,untranslated_non_translation_penalty_rate,other_count_rate,other_penalty_rate,B_count,B_penalty,B_count_untr0,B_penalty_untr0
1,google_word_by_word,1721.0,78.44276583381756,0.01258767855706146,1.1621,5.8106,2.3242,11.6212,0.0,0.0,18.0128,57.5247,1.1621,3.4863,0.0,0.0,0.0,0.0,3.8916,15.47,3.8916,15.47
1,helsinki,1571.0,69.38255887969447,0.014208065405938265,4.4558,14.6404,8.9115,42.0115,0.0,0.0,4.4558,4.4558,5.0923,7.6384,0.0,0.0,0.6365,0.6365,6.5208,27.3128,6.5208,27.3128
1,llm_prompt_high,1721.0,37.768739105171406,0.02579397790800498,3.4863,12.7833,6.3916,24.9855,0.0,0.0,0.0,0.0,0.0,0.0,0.0,0.0,0.0,0.0,4.7269,18.1071,4.7269,18.1071
1,llm_prompt_low,1721.0,27.890761185357352,0.034613141328613664,1.7432,8.7159,4.6485,16.2696,0.0,0.0,1.7432,1.7432,1.1621,1.1621,0.0,0.0,0.0,0.0,3.2085,12.0811,3.2085,12.0811
1,llm_prompt_medium,1721.0,29.633933759442183,0.03264353862787125,2.3242,11.6212,5.8106,17.4317,0.0,0.0,0.5811,0.5811,0.0,0.0,0.0,0.0,0.0,0.0,4.0014,13.8938,4.0014,13.8938
1,mBART-50,1571.0,57.28835136855506,0.017156086533946336,7.0019,19.7327,8.275,28.6442,0.0,0.0,3.8192,3.8192,1.9096,1.9096,0.6365,3.1827,0.0,0.0,7.8089,24.7011,7.5295,23.3045
1,nllb-200-1.3B,1571.0,30.553787396562697,0.031691916644812496,0.6365,3.1827,6.3654,21.6423,0.0,0.0,5.0923,5.0923,0.6365,0.6365,0.0,0.0,0.0,0.0,4.0623,12.8211,4.0623,12.8211
1,nllb-200-distilled-600M,1571.0,47.10375556970082,0.020788397665771265,6.3654,21.6423,8.275,15.9134,0.0,0.0,7.0019,9.5481,0.0,0.0,0.0,0.0,0.0,0.0,7.8364,18.6895,7.8364,18.6895
2,google_word_by_word,1218.0,92.77504105090311,0.010663818312350068,0.0,0.0,2.4631,12.3153,0.0,0.0,11.4943,54.1872,1.642,1.642,0.0,0.0,4.9261,24.6305,2.5654,13.0057,2.5654,13.0057
2,helsinki,1109.0,127.14156898106401,0.0078038688612262425,3.6069,28.8548,18.0343,93.7782,0.0,0.0,4.5086,4.5086,0.0,0.0,0.0,0.0,0.0,0.0,11.1855,60.1514,11.1855,60.1514
2,llm_prompt_high,1173.0,28.132992327365727,0.03432534457027478,1.705,25.5754,1.705,1.705,0.8525,0.8525,0.0,0.0,0.0,0.0,0.0,0.0,0.0,0.0,1.7355,12.2101,1.7355,12.2101
2,llm_prompt_low,1173.0,16.19778346121057,0.05814702820601795,5.9676,9.3777,1.705,1.705,0.0,0.0,5.1151,5.1151,0.0,0.0,0.0,0.0,0.0,0.0,4.1319,5.6283,4.1319,5.6283
2,llm_prompt_medium,1173.0,17.902813299232736,0.052902178324989856,2.5575,9.3777,0.8525,4.2626,0.8525,4.2626,0.0,0.0,0.0,0.0,0.0,0.0,0.0,0.0,1.6832,6.9194,1.6832,6.9194
2,mBART-50,1109.0,73.03877366997295,0.013506436566028084,6.312,31.56,5.4103,23.4445,0.0,0.0,1.8034,5.4103,4.5086,8.1154,0.9017,4.5086,0.0,0.0,5.6908,27.5081,5.2952,25.5297
2,nllb-200-1.3B,1109.0,55.906221821460775,0.01757277092015402,2.7051,13.5257,10.8206,32.4617,0.0,0.0,4.5086,8.1154,1.8034,1.8034,0.0,0.0,0.0,0.0,7.0161,23.0548,7.0161,23.0548
2,nllb-200-distilled-600M,1109.0,45.08566275924257,0.02169872233853137,4.5086,11.7223,4.5086,22.5428,0.0,0.0,5.4103,9.0171,1.8034,1.8034,0.0,0.0,0.0,0.0,4.7667,17.4185,4.7667,17.4185
3,google_word_by_word,913.0,75.5750273822563,0.013059087723313262,0.0,0.0,4.3812,17.5246,0.0,0.0,13.1435,56.9551,1.0953,1.0953,0.0,0.0,0.0,0.0,3.788,16.019,3.788,16.019
3,helsinki,878.0,89.9772209567198,0.01099176243771752,4.5558,36.4465,10.2506,51.2528,0.0,0.0,1.139,1.139,1.139,1.139,0.0,0.0,0.0,0.0,7.169,41.6722,7.169,41.6722
3,llm_prompt_high,913.0,16.42935377875137,0.057374473700747816,4.3812,4.3812,2.1906,10.9529,0.0,0.0,0.0,0.0,1.0953,1.0953,0.0,0.0,0.0,0.0,2.9177,7.3006,2.9177,7.3006
3,llm_prompt_low,913.0,2.190580503833516,0.31342258839684173,0.0,0.0,2.1906,2.1906,0.0,0.0,0.0,0.0,0.0,0.0,0.0,0.0,0.0,0.0,1.0957,1.0957,1.0957,1.0957
3,llm_prompt_medium,913.0,19.715224534501644,0.04827367419235446,0.0,0.0,4.3812,17.5246,0.0,0.0,2.1906,2.1906,0.0,0.0,0.0,0.0,0.0,0.0,2.4743,9.0486,2.4743,9.0486
3,mBART-50,878.0,58.08656036446469,0.01692432244882224,7.9727,26.1959,2.2779,29.6128,0.0,0.0,1.139,1.139,1.139,1.139,0.0,0.0,0.0,0.0,4.6805,26.3498,4.6805,26.3498
3,nllb-200-1.3B,878.0,70.61503416856492,0.01396354845892045,1.139,28.4738,7.9727,39.8633,0.0,0.0,2.2779,2.2779,0.0,0.0,0.0,0.0,0.0,0.0,4.7818,32.7282,4.7818,32.7282
3,nllb-200-distilled-600M,878.0,93.39407744874715,0.010593884987572093,3.4169,12.5285,9.1116,45.5581,0.0,0.0,3.4169,35.3075,0.0,0.0,0.0,0.0,0.0,0.0,6.4981,32.8443,6.4981,32.8443
4,google_word_by_word,1049.0,123.92755004766444,0.00800463948599379,2.8599,14.2993,3.8132,19.0658,0.0,0.0,18.1125,90.5624,0.0,0.0,0.0,0.0,0.0,0.0,5.5008,27.5042,5.5008,27.5042
4,helsinki,1003.0,64.80558325024926,0.015196278957017105,3.988,19.9402,7.9761,39.8804,0.0,0.0,4.985,4.985,0.0,0.0,0.0,0.0,0.0,0.0,6.3832,29.3416,6.3832,29.3416
4,llm_prompt_high,1049.0,10.486177311725452,0.08706116690181759,2.8599,10.4862,0.0,0.0,0.0,0.0,0.0,0.0,0.0,0.0,0.0,0.0,0.0,0.0,1.2549,4.6015,1.2549,4.6015
4,llm_prompt_low,1049.0,14.299332697807436,0.06536232787089538,2.8599,2.8599,2.8599,10.4862,0.0,0.0,0.9533,0.9533,0.0,0.0,0.0,0.0,0.0,0.0,2.8085,6.6232,2.8085,6.6232
4,llm_prompt_medium,1049.0,8.579599618684462,0.10438849636779779,2.8599,6.673,0.9533,0.9533,0.0,0.0,0.0,0.0,0.9533,0.9533,0.0,0.0,0.0,0.0,1.6443,3.3176,1.6443,3.3176
4,mBART-50,1003.0,45.86241276171486,0.02133906346403421,4.985,16.9492,2.991,14.9551,0.0,0.0,3.988,3.988,7.9761,7.9761,0.0,0.0,1.994,1.994,3.4667,14.7011,3.4667,14.7011
4,nllb-200-1.3B,1003.0,63.80857427716849,0.015430057074288881,9.9701,37.8863,3.988,19.9402,0.997,0.997,4.985,4.985,0.0,0.0,0.0,0.0,0.0,0.0,7.1707,27.3999,7.1707,27.3999
4,nllb-200-distilled-600M,1003.0,69.79062811565304,0.014126163683224653,8.9731,44.8654,5.9821,21.9342,0.0,0.0,2.991,2.991,0.0,0.0,0.0,0.0,0.0,0.0,7.3159,31.0451,7.3159,31.0451
5,google_word_by_word,1003.0,120.63808574277168,0.00822110931698401,0.997,4.985,2.991,14.9551,0.0,0.0,27.9163,99.7009,0.997,0.997,0.0,0.0,0.0,0.0,5.4465,22.4493,5.4465,22.4493
5,helsinki,963.0,148.49428868120458,0.006689218757597438,6.2305,26.999,17.6532,113.188,0.0,0.0,5.1921,5.1921,3.1153,3.1153,0.0,0.0,0.0,0.0,11.9486,68.8482,11.9486,68.8482
5,llm_prompt_high,1003.0,5.982053838484546,0.14322433242895902,0.997,4.985,0.997,0.997,0.0,0.0,0.0,0.0,0.0,0.0,0.0,0.0,0.0,0.0,0.9362,2.6862,0.9362,2.6862
5,llm_prompt_low,1003.0,20.937188434695912,0.04558469299640958,3.988,11.9641,6.9791,6.9791,0.0,0.0,1.994,1.994,0.0,0.0,0.0,0.0,0.0,0.0,5.4984,8.9984,5.4984,8.9984
5,llm_prompt_medium,1003.0,5.982053838484546,0.14322433242895902,0.997,4.985,0.997,0.997,0.0,0.0,0.0,0.0,0.0,0.0,0.0,0.0,0.0,0.0,0.9362,2.6862,0.9362,2.6862
5,mBART-50,963.0,51.92107995846314,0.01889606184879226,3.1153,11.4226,9.3458,38.4216,0.0,0.0,1.0384,1.0384,1.0384,1.0384,0.0,0.0,0.0,0.0,6.0805,24.2695,6.0805,24.2695
5,nllb-200-1.3B,963.0,46.72897196261682,0.020951635010769534,14.5379,43.6137,1.0384,1.0384,0.0,0.0,2.0768,2.0768,0.0,0.0,0.0,0.0,0.0,0.0,7.167,19.9258,7.167,19.9258
5,nllb-200-distilled-600M,963.0,78.92004153686396,0.012512506009381133,10.3842,51.9211,4.1537,16.6147,0.0,0.0,4.1537,4.1537,2.0768,6.2305,0.0,0.0,0.0,0.0,6.9801,31.0589,6.9801,31.0589
6,google_word_by_word,1230.0,82.92682926829269,0.011915140947399011,1.626,8.1301,7.3171,23.5772,0.0,0.0,10.5691,46.3415,1.626,4.878,0.0,0.0,0.0,0.0,5.5889,20.8966,5.5889,20.8966
6,helsinki,1206.0,90.38142620232173,0.010943142841587572,2.4876,12.4378,12.4378,52.2388,0.8292,4.1459,5.8043,15.7546,2.4876,5.8043,0.0,0.0,0.0,0.0,7.9649,33.7429,7.9649,33.7429
6,llm_prompt_high,1230.0,25.203252032520325,0.038163201985727584,4.878,17.8862,3.252,3.252,1.626,1.626,0.813,0.813,1.626,1.626,0.0,0.0,0.0,0.0,3.9794,9.6875,3.9794,9.6875
6,llm_prompt_low,1230.0,21.95121951219512,0.04357066950053135,3.252,16.2602,0.813,4.065,0.0,0.0,0.813,0.813,0.813,0.813,0.0,0.0,0.0,0.0,1.8641,9.1988,1.8641,9.1988
6,llm_prompt_medium,1230.0,39.02439024390244,0.024984765386959172,4.878,34.1463,0.0,0.0,0.0,0.0,0.0,0.0,1.626,4.878,0.0,0.0,0.0,0.0,1.9914,14.5363,1.9914,14.5363
6,mBART-50,1206.0,87.893864013267,0.01124937037106132,5.8043,29.0216,7.4627,33.9967,0.0,0.0,4.9751,14.9254,1.6584,1.6584,0.0,0.0,1.6584,8.2919,6.77,31.5149,6.77,31.5149
6,nllb-200-1.3B,1206.0,40.6301824212272,0.02402103334262837,4.1459,10.7794,4.1459,14.0962,0.0,0.0,1.6584,4.9751,4.1459,10.7794,0.0,0.0,0.0,0.0,3.7268,11.4343,3.7268,11.4343
6,nllb-200-distilled-600M,1206.0,73.79767827529021,0.013369398931334946,15.7546,42.2886,4.9751,11.6086,0.0,0.0,9.1211,15.7546,0.8292,4.1459,0.0,0.0,0.0,0.0,10.5034,26.0171,10.5034,26.0171
7,google_word_by_word,1266.0,98.73617693522907,0.010026452093200069,0.0,0.0,2.3697,11.8483,0.0,0.0,20.5371,86.8878,0.0,0.0,0.0,0.0,0.0,0.0,3.8369,17.1449,3.8369,17.1449
7,helsinki,1220.0,85.24590163934425,0.011594753849078123,4.0984,13.9344,13.1148,49.1803,0.0,0.0,6.5574,13.1148,2.459,9.0164,0.0,0.0,0.0,0.0,8.9794,31.5804,8.9794,31.5804
7,llm_prompt_high,1266.0,3.9494470774091623,0.2020427705075008,0.0,0.0,0.7899,3.9494,0.0,0.0,0.0,0.0,0.0,0.0,0.0,0.0,0.0,0.0,0.3951,1.9755,0.3951,1.9755
7,llm_prompt_low,1266.0,14.218009478672984,0.06571161631890378,1.5798,7.8989,2.3697,5.5292,0.0,0.0,0.0,0.0,0.7899,0.7899,0.0,0.0,0.0,0.0,1.8061,6.1594,1.8061,6.1594
7,llm_prompt_medium,1266.0,14.218009478672984,0.06571161631890378,3.9494,13.4281,0.7899,0.7899,0.0,0.0,0.0,0.0,0.0,0.0,0.0,0.0,0.0,0.0,2.1282,6.2875,2.1282,6.2875
7,mBART-50,1220.0,90.16393442622952,0.010969250134867829,5.7377,18.8525,5.7377,28.6885,0.0,0.0,4.918,11.4754,6.5574,29.5082,1.6393,1.6393,0.0,0.0,6.1405,22.1162,5.4211,21.3968
7,nllb-200-1.3B,1220.0,69.67213114754098,0.014149849222918117,1.6393,4.918,13.1148,49.1803,0.8197,4.0984,3.2787,9.8361,1.6393,1.6393,0.0,0.0,0.0,0.0,7.6815,28.5238,7.6815,28.5238
7,nllb-200-distilled-600M,1220.0,49.18032786885246,0.0199281280627246,8.1967,14.7541,5.7377,25.4098,0.0,0.0,4.918,8.1967,0.8197,0.8197,0.0,0.0,0.0,0.0,7.0266,20.1673,7.0266,20.1673
8,google_word_by_word,1470.0,114.28571428571428,0.008674101610904586,0.0,0.0,7.483,29.2517,0.0,0.0,25.1701,85.034,0.0,0.0,0.0,0.0,0.0,0.0,6.9928,25.6107,6.9928,25.6107
8,helsinki,1425.0,81.40350877192982,0.01213540557802853,3.5088,14.7368,12.6316,49.1228,0.0,0.0,4.2105,9.8246,4.9123,7.7193,0.0,0.0,0.0,0.0,7.9509,31.598,7.9509,31.598
8,llm_prompt_high,1470.0,5.442176870748299,0.15522703273495247,0.0,0.0,2.0408,4.7619,0.0,0.0,0.6803,0.6803,0.0,0.0,0.0,0.0,0.0,0.0,1.1086,2.4697,1.1086,2.4697
8,llm_prompt_low,1470.0,25.170068027210885,0.038211593449441125,3.4014,14.2857,2.0408,7.483,0.0,0.0,3.4014,3.4014,0.0,0.0,0.0,0.0,0.0,0.0,2.9525,10.4509,2.9525,10.4509
8,llm_prompt_medium,1470.0,14.285714285714285,0.06542056074766356,1.3605,4.0816,5.4422,5.4422,0.0,0.0,0.0,0.0,2.0408,4.7619,0.0,0.0,0.0,0.0,3.1319,4.0763,3.1319,4.0763
8,mBART-50,1425.0,45.6140350877193,0.021452766277756868,4.2105,7.0175,7.0175,32.2807,0.0,0.0,2.1053,2.1053,2.1053,2.1053,0.0,0.0,2.1053,2.1053,5.4364,19.3047,5.4364,19.3047
8,nllb-200-1.3B,1425.0,44.21052631578947,0.02211874272409779,3.5088,14.7368,4.2105,15.4386,0.7018,0.7018,2.807,2.807,4.2105,7.0175,0.7018,3.5088,0.0,0.0,4.0405,15.5579,3.7326,14.0183
8,nllb-200-distilled-600M,1425.0,49.824561403508774,0.019675526406627546,0.7018,0.7018,6.3158,31.5789,0.0,0.0,6.3158,11.9298,2.807,5.614,0.0,0.0,0.0,0.0,4.025,17.1288,4.025,17.1288
