model,method,chapter,delta,se,n,acc
llama 1b,google_word_by_word,1,1.6104933728971693,0.4426942760995139,22,0.36363636363636365
llama 1b,google_word_by_word,2,1.4258557074264766,0.5806748352970349,12,0.4166666666666667
llama 1b,google_word_by_word,3,1.978627724579826,0.7923785970774906,7,0.2857142857142857
llama 1b,google_word_by_word,4,2.1684313442463683,0.5027031383968027,22,0.22727272727272727
llama 1b,google_word_by_word,5,3.0317441010984174,0.8809835374552111,13,0.07692307692307693
llama 1b,google_word_by_word,6,1.8659663769383896,0.7764005617789647,8,0.25
llama 1b,google_word_by_word,7,2.1088743383348203,0.753597528132576,9,0.2222222222222222
llama 1b,helsinki,1,1.811647459441618,0.455083165195526,22,0.3181818181818182
llama 1b,helsinki,2,3.234657611111258,0.8751685724434577,12,0.08333333333333333
llama 1b,helsinki,3,1.9786277245798263,0.7923785970774906,7,0.2857142857142857
llama 1b,helsinki,4,1.5032588080682947,0.44824206084173085,22,0.36363636363636365
llama 1b,helsinki,5,2.405695913625971,0.719994116039594,13,0.15384615384615385
llama 1b,helsinki,6,1.315520108458224,0.7164654590929644,8,0.375
llama 1b,helsinki,7,2.7813307559491607,0.9063489407154094,9,0.1111111111111111
llama 1b,llm_prompt_high,1,0.27346676147488214,0.4604514531939774,22,0.6818181818181818
llama 1b,llm_prompt_high,2,-0.4944071728417919,0.7516331367058184,12,0.8333333333333334
llama 1b,llm_prompt_high,3,0.220317389201794,0.8230686206924428,7,0.7142857142857143
llama 1b,llm_prompt_high,4,0.12643794659434723,0.46729346409827854,22,0.6818181818181818
llama 1b,llm_prompt_high,5,-0.06415632027669921,0.600759622591845,13,0.6923076923076923
llama 1b,llm_prompt_high,6,-0.25474419636523626,0.7950654647696987,8,0.75
llama 1b,llm_prompt_high,7,0.2460540129283065,0.6992803340237439,9,0.6666666666666666
llama 1b,llm_prompt_high,8,-0.6631234762247961,0.7766452270041174,9,0.7777777777777778
llama 1b,llm_prompt_low,1,1.610493372897169,0.44269427609951384,22,0.36363636363636365
llama 1b,llm_prompt_low,2,1.773102558993426,0.6006974433271408,12,0.3333333333333333
llama 1b,llm_prompt_low,3,0.8348722072773235,0.7562190385912275,7,0.5714285714285714
llama 1b,llm_prompt_low,4,1.9287675800389958,0.47776676513599314,22,0.2727272727272727
llama 1b,llm_prompt_low,5,3.0317441010984174,0.8809835374552111,13,0.07692307692307693
llama 1b,llm_prompt_low,6,1.3155201084582242,0.7164654590929646,8,0.375
llama 1b,llm_prompt_low,7,3.981405734507016,1.3734911831074545,9,0.0
llama 1b,llm_prompt_medium,1,1.610493372897169,0.44269427609951384,22,0.36363636363636365
llama 1b,llm_prompt_medium,2,1.7731025589934257,0.6006974433271407,12,0.3333333333333333
llama 1b,llm_prompt_medium,3,1.3937849471819288,0.7473097746942733,7,0.42857142857142855
llama 1b,llm_prompt_medium,4,1.1140092187970108,0.43649569394193294,22,0.45454545454545453
llama 1b,llm_prompt_medium,5,2.405695913625971,0.719994116039594,13,0.15384615384615385
llama 1b,llm_prompt_medium,6,1.315520108458224,0.7164654590929644,8,0.375
llama 1b,mBART-50,1,1.610493372897169,0.44269427609951384,22,0.36363636363636365
llama 1b,mBART-50,2,1.773102558993426,0.6006974433271408,12,0.3333333333333333
llama 1b,mBART-50,3,1.9786277245798263,0.7923785970774906,7,0.2857142857142857
llama 1b,mBART-50,4,1.5032588080682947,0.44824206084173085,22,0.36363636363636365
llama 1b,mBART-50,5,2.405695913625971,0.719994116039594,13,0.15384615384615385
llama 1b,mBART-50,6,1.315520108458224,0.7164654590929644,8,0.375
llama 1b,mBART-50,7,2.1088743383348203,0.753597528132576,9,0.2222222222222222
llama 1b,nllb-200-1.3B,1,0.052761218283225476,0.4801797830949952,22,0.7272727272727273
llama 1b,nllb-200-1.3B,2,0.7565673402614951,0.5857711863121576,12,0.5833333333333334
llama 1b,nllb-200-1.3B,3,0.8348722072773236,0.7562190385912275,7,0.5714285714285714
llama 1b,nllb-200-1.3B,4,-0.10066548563366025,0.48683427460557777,22,0.7272727272727273
llama 1b,nllb-200-1.3B,5,0.5993713654156286,0.5607834089649264,13,0.5384615384615384
llama 1b,nllb-200-1.3B,6,-0.25474419636523654,0.7950654647696987,8,0.75
llama 1b,nllb-200-1.3B,7,1.1449283101231684,0.6616192446993092,9,0.4444444444444444
llama 1b,nllb-200-1.3B,8,0.7888696758489239,0.6697607511098894,9,0.4444444444444444
llama 1b,nllb-200-distilled-600M,1,2.0265068717058847,0.472963785536879,22,0.2727272727272727
llama 1b,nllb-200-distilled-600M,2,1.4258557074264766,0.5806748352970349,12,0.4166666666666667
llama 1b,nllb-200-distilled-600M,3,1.3937849471819288,0.7473097746942733,7,0.42857142857142855
llama 1b,nllb-200-distilled-600M,4,1.5032588080682947,0.44824206084173085,22,0.36363636363636365
llama 1b,nllb-200-distilled-600M,5,3.0317441010984174,0.8809835374552111,13,0.07692307692307693
llama 1b,nllb-200-distilled-600M,6,0.8172088573619657,0.7015350606714311,8,0.5
llama 1b,nllb-200-distilled-600M,7,2.1088743383348203,0.753597528132576,9,0.2222222222222222
1.5b,google_word_by_word,1,-0.6612497954216814,0.7141343126612503,22,0.9090909090909091
1.5b,google_word_by_word,2,0.5659325518092948,0.6651272017003999,12,0.75
1.5b,google_word_by_word,3,-1.821975424846607,1.8072198056826014,7,1.0
1.5b,google_word_by_word,4,-0.3993293731858219,0.6167117776118629,22,0.8636363636363636
1.5b,google_word_by_word,5,-0.3686971043144671,0.7474254399146977,13,0.8461538461538461
1.5b,google_word_by_word,6,-2.1110775305205007,1.7203650637920198,8,1.0
1.5b,google_word_by_word,7,2.1619140583315075,0.6842867559441561,9,0.3333333333333333
1.5b,google_word_by_word,8,1.3561598225412752,0.6689830549005069,9,0.4444444444444444
1.5b,helsinki,1,-2.6959928346157125,1.5697087960541483,22,1.0
1.5b,helsinki,2,0.06470665508537218,0.7601206106619316,12,0.8333333333333334
1.5b,helsinki,3,-0.06236151026572014,1.0265918634457654,7,0.8571428571428571
1.5b,helsinki,4,-0.8382263422235834,0.716403568366866,22,0.9090909090909091
1.5b,helsinki,5,0.1162936132656603,0.6542889744981133,13,0.7692307692307693
1.5b,helsinki,6,-2.1110775305205007,1.7203650637920198,8,1.0
1.5b,helsinki,7,2.1619140583315075,0.6842867559441561,9,0.3333333333333333
1.5b,helsinki,8,1.3561598225412752,0.6689830549005069,9,0.4444444444444444
1.5b,llm_prompt_high,1,-0.6612497954216814,0.7141343126612503,22,0.9090909090909091
1.5b,llm_prompt_high,2,0.06470665508537218,0.7601206106619316,12,0.8333333333333334
1.5b,llm_prompt_high,3,-1.821975424846607,1.8072198056826014,7,1.0
1.5b,llm_prompt_high,4,-0.3993293731858219,0.6167117776118629,22,0.8636363636363636
1.5b,llm_prompt_high,5,-1.0642777121468054,0.945418322411975,13,0.9230769230769231
1.5b,llm_prompt_high,6,-2.1110775305205007,1.7203650637920198,8,1.0
1.5b,llm_prompt_high,7,1.7129296646488632,0.6610104252867803,9,0.4444444444444444
1.5b,llm_prompt_high,8,1.3561598225412752,0.6689830549005069,9,0.4444444444444444
1.5b,llm_prompt_low,1,-2.6959928346157125,1.5697087960541483,22,1.0
1.5b,llm_prompt_low,2,0.06470665508537218,0.7601206106619316,12,0.8333333333333334
1.5b,llm_prompt_low,3,-1.821975424846607,1.8072198056826014,7,1.0
1.5b,llm_prompt_low,4,-0.8382263422235835,0.7164035683668661,22,0.9090909090909091
1.5b,llm_prompt_low,5,-1.0642777121468054,0.945418322411975,13,0.9230769230769231
1.5b,llm_prompt_low,6,-0.48244583319311884,0.9947208664032852,8,0.875
1.5b,llm_prompt_low,7,2.1619140583315075,0.6842867559441561,9,0.3333333333333333
1.5b,llm_prompt_low,8,0.9098198542316674,0.6717184558739522,9,0.5555555555555556
1.5b,llm_prompt_medium,1,-0.6612497954216814,0.7141343126612503,22,0.9090909090909091
1.5b,llm_prompt_medium,2,0.06470665508537218,0.7601206106619316,12,0.8333333333333334
1.5b,llm_prompt_medium,3,-1.821975424846607,1.8072198056826014,7,1.0
1.5b,llm_prompt_medium,4,-0.3993293731858218,0.6167117776118629,22,0.8636363636363636
1.5b,llm_prompt_medium,5,0.8540762740325597,0.5747662780512819,13,0.6153846153846154
1.5b,llm_prompt_medium,6,-2.1110775305205007,1.7203650637920198,8,1.0
1.5b,llm_prompt_medium,7,1.2753692948026112,0.6665729409561899,9,0.5555555555555556
1.5b,llm_prompt_medium,8,-0.1065078837357103,0.784141478136843,9,0.7777777777777778
1.5b,mBART-50,1,0.3892244057021301,0.5101197244074532,22,0.7727272727272727
1.5b,mBART-50,2,1.330772109492339,0.5869409182467114,12,0.5833333333333334
1.5b,mBART-50,3,-1.821975424846607,1.8072198056826014,7,1.0
1.5b,mBART-50,4,0.22893586399671592,0.5163615547710415,22,0.7727272727272727
1.5b,mBART-50,5,0.5088159828649212,0.6032256914313966,13,0.6923076923076923
1.5b,mBART-50,6,-0.48244583319311884,0.9947208664032852,8,0.875
1.5b,mBART-50,7,2.1619140583315075,0.6842867559441561,9,0.3333333333333333
1.5b,mBART-50,8,0.4401892783076178,0.7045201705627665,9,0.6666666666666666
1.5b,nllb-200-1.3B,1,0.10902833245974328,0.5508600340189086,22,0.8181818181818182
1.5b,nllb-200-1.3B,2,0.5659325518092948,0.6651272017003999,12,0.75
1.5b,nllb-200-1.3B,3,-1.821975424846607,1.8072198056826014,7,1.0
1.5b,nllb-200-1.3B,4,0.2289358639967159,0.5163615547710415,22,0.7727272727272727
1.5b,nllb-200-1.3B,5,-0.3686971043144671,0.7474254399146977,13,0.8461538461538461
1.5b,nllb-200-1.3B,6,-2.1110775305205007,1.7203650637920198,8,1.0
1.5b,nllb-200-1.3B,7,2.6685282352396804,0.747336412983909,9,0.2222222222222222
1.5b,nllb-200-1.3B,8,0.9098198542316674,0.6717184558739522,9,0.5555555555555556
1.5b,nllb-200-distilled-600M,1,0.10902833245974328,0.5508600340189086,22,0.8181818181818182
1.5b,nllb-200-distilled-600M,2,0.9720018488888551,0.6140633598924821,12,0.6666666666666666
1.5b,nllb-200-distilled-600M,3,-0.06236151026572014,1.0265918634457654,7,0.8571428571428571
1.5b,nllb-200-distilled-600M,4,-0.05756820077535108,0.5564211961027047,22,0.8181818181818182
1.5b,nllb-200-distilled-600M,5,-0.3686971043144671,0.7474254399146977,13,0.8461538461538461
1.5b,nllb-200-distilled-600M,6,-2.1110775305205007,1.7203650637920198,8,1.0
1.5b,nllb-200-distilled-600M,7,2.1619140583315075,0.6842867559441561,9,0.3333333333333333
1.5b,nllb-200-distilled-600M,8,0.9098198542316674,0.6717184558739522,9,0.5555555555555556
1.7b,google_word_by_word,1,0.08900273955577578,0.7264686513412764,22,0.9090909090909091
1.7b,google_word_by_word,2,0.8089366590714279,0.7721061485117959,12,0.8333333333333334
1.7b,google_word_by_word,3,-1.3417334161767465,1.9757609297644154,7,1.0
1.7b,google_word_by_word,4,1.4856018188449633,0.46990679576935607,22,0.6818181818181818
1.7b,google_word_by_word,5,0.8742155378941313,0.660384882677818,13,0.7692307692307693
1.7b,google_word_by_word,6,-1.6002604171368746,1.8750464601797023,8,1.0
1.7b,google_word_by_word,7,-1.6028586366544224,1.872759511036589,9,1.0
1.7b,google_word_by_word,8,-0.14560408183488638,1.0010994023062145,9,0.8888888888888888
1.7b,helsinki,1,0.08900273955577578,0.7264686513412764,22,0.9090909090909091
1.7b,helsinki,2,0.8089366590714279,0.7721061485117959,12,0.8333333333333334
1.7b,helsinki,3,0.637828537721526,1.056868408610892,7,0.8571428571428571
1.7b,helsinki,5,-0.3495660839557233,0.9738665102874324,13,0.9230769230769231
1.7b,helsinki,6,-1.6002604171368746,1.8750464601797023,8,1.0
1.7b,helsinki,7,-1.6028586366544224,1.872759511036589,9,1.0
1.7b,helsinki,8,1.6659566047159278,0.6732961498465362,9,0.5555555555555556
1.7b,llm_prompt_high,1,-0.5886508116119293,0.9464312664958522,22,0.9545454545454546
1.7b,llm_prompt_high,2,0.053817984144696754,0.9956165275569503,12,0.9166666666666666
1.7b,llm_prompt_high,3,-1.3417334161767465,1.9757609297644154,7,1.0
1.7b,llm_prompt_high,4,1.0013563420552656,0.5193377787373635,22,0.7727272727272727
1.7b,llm_prompt_high,5,-0.3495660839557233,0.9738665102874324,13,0.9230769230769231
1.7b,llm_prompt_high,6,-1.6002604171368746,1.8750464601797023,8,1.0
1.7b,llm_prompt_high,7,-1.6028586366544224,1.872759511036589,9,1.0
1.7b,llm_prompt_high,8,-1.8531694806391694,1.7914201910845768,9,1.0
1.7b,llm_prompt_low,1,0.08900273955577578,0.7264686513412764,22,0.9090909090909091
1.7b,llm_prompt_low,2,1.3225795891906447,0.6712946350321561,12,0.75
1.7b,llm_prompt_low,3,-1.3417334161767465,1.9757609297644154,7,1.0
1.7b,llm_prompt_low,4,0.3627988202134906,0.6235095187369664,22,0.8636363636363636
1.7b,llm_prompt_low,5,1.2725867490551557,0.6066640402048776,13,0.6923076923076923
1.7b,llm_prompt_low,6,-1.6002604171368746,1.8750464601797023,8,1.0
1.7b,llm_prompt_low,7,0.2083050435786193,1.015867778635645,9,0.8888888888888888
1.7b,llm_prompt_low,8,0.6345083141081103,0.7948012275682292,9,0.7777777777777778
1.7b,llm_prompt_medium,1,0.5357176956071469,0.6192416609310384,22,0.8636363636363636
1.7b,llm_prompt_medium,2,0.8089366590714279,0.7721061485117959,12,0.8333333333333334
1.7b,llm_prompt_medium,3,-1.3417334161767465,1.9757609297644154,7,1.0
1.7b,llm_prompt_medium,4,0.3627988202134906,0.6235095187369664,22,0.8636363636363636
1.7b,llm_prompt_medium,5,-0.3495660839557233,0.9738665102874324,13,0.9230769230769231
1.7b,llm_prompt_medium,6,-1.6002604171368746,1.8750464601797023,8,1.0
1.7b,llm_prompt_medium,7,0.2083050435786193,1.015867778635645,9,0.8888888888888888
1.7b,llm_prompt_medium,8,0.6345083141081103,0.7948012275682292,9,0.7777777777777778
1.7b,mBART-50,1,0.5357176956071469,0.6192416609310384,22,0.8636363636363636
1.7b,mBART-50,2,0.053817984144696754,0.9956165275569503,12,0.9166666666666666
1.7b,mBART-50,3,-1.3417334161767465,1.9757609297644154,7,1.0
1.7b,mBART-50,4,1.0013563420552656,0.5193377787373635,22,0.7727272727272727
1.7b,mBART-50,5,0.37726029577404435,0.7590891401981802,13,0.8461538461538461
1.7b,mBART-50,6,0.22362909951157842,1.0238153463111115,8,0.875
1.7b,mBART-50,7,0.2083050435786193,1.015867778635645,9,0.8888888888888888
1.7b,mBART-50,8,1.192132290020278,0.709252905500709,9,0.6666666666666666
1.7b,nllb-200-1.3B,1,-0.5886508116119293,0.9464312664958522,22,0.9545454545454546
1.7b,nllb-200-1.3B,2,0.053817984144696754,0.9956165275569503,12,0.9166666666666666
1.7b,nllb-200-1.3B,3,0.637828537721526,1.056868408610892,7,0.8571428571428571
1.7b,nllb-200-1.3B,4,0.3627988202134905,0.6235095187369664,22,0.8636363636363636
1.7b,nllb-200-1.3B,5,-1.9794999021987012,1.7495329173047764,13,1.0
1.7b,nllb-200-1.3B,6,-1.6002604171368746,1.8750464601797023,8,1.0
1.7b,nllb-200-1.3B,7,0.2083050435786193,1.015867778635645,9,0.8888888888888888
1.7b,nllb-200-1.3B,8,0.6345083141081103,0.7948012275682292,9,0.7777777777777778
1.7b,nllb-200-distilled-600M,1,0.08900273955577578,0.7264686513412764,22,0.9090909090909091
1.7b,nllb-200-distilled-600M,3,-1.3417334161767465,1.9757609297644154,7,1.0
1.7b,nllb-200-distilled-600M,4,0.3627988202134905,0.6235095187369664,22,0.8636363636363636
1.7b,nllb-200-distilled-600M,5,-1.9794999021987012,1.7495329173047764,13,1.0
1.7b,nllb-200-distilled-600M,6,-1.6002604171368746,1.8750464601797023,8,1.0
1.7b,nllb-200-distilled-600M,7,0.2083050435786193,1.015867778635645,9,0.8888888888888888
1.7b,nllb-200-distilled-600M,8,-0.14560408183488638,1.0010994023062145,9,0.8888888888888888
llama 1b,google_word_by_word,,2.0198909918890835,0.2362086259400178,93,0.26881720430107525
llama 1b,helsinki,,2.0763648614039543,0.23911433054753517,93,0.25806451612903225
llama 1b,llm_prompt_high,,-0.013905543234374509,0.22401318247059118,102,0.7156862745098039
llama 1b,llm_prompt_low,,1.9647333502341557,0.23353990043249276,93,0.27956989247311825
llama 1b,llm_prompt_medium,,1.5982671185876163,0.23139522027160206,84,0.35714285714285715
llama 1b,mBART-50,,1.806006707618754,0.22677125406834214,93,0.3118279569892473
llama 1b,nllb-200-1.3B,,0.4059837646626839,0.2095864490455479,102,0.6274509803921569
llama 1b,nllb-200-distilled-600M,,1.806006707618754,0.22677125406834214,93,0.3118279569892473
1.5b,google_word_by_word,,0.136701068457671,0.2488724891286831,102,0.7941176470588235
1.5b,helsinki,,0.0083508843520469,0.2580240160842878,102,0.8137254901960784
1.5b,llm_prompt_high,,-0.05956344687389297,0.2632555578602293,102,0.8235294117647058
1.5b,llm_prompt_low,,-0.20442275056402054,0.2753518270017803,102,0.8431372549019608
1.5b,llm_prompt_medium,,-0.05956344687389307,0.2632555578602293,102,0.8235294117647058
1.5b,mBART-50,,0.579774499789479,0.22416095253709603,102,0.7156862745098039
1.5b,nllb-200-1.3B,,0.36976581594785235,0.23459547591484395,102,0.7549019607843137
1.5b,nllb-200-distilled-600M,,0.36976581594785235,0.23459547591484395,102,0.7549019607843137
1.7b,google_word_by_word,,0.5069105974315062,0.28304814479880935,102,0.8529411764705882
1.7b,helsinki,,0.3255285149870965,0.3404075798698483,80,0.875
1.7b,llm_prompt_high,,-0.20859153238555364,0.36837434919503614,102,0.9215686274509803
1.7b,llm_prompt_low,,0.5069105974315063,0.28304814479880935,102,0.8529411764705882
1.7b,llm_prompt_medium,,0.24444153265176677,0.3099256289745297,102,0.8823529411764706
1.7b,mBART-50,,0.5849979345016989,0.2759449162365984,102,0.8431372549019608
1.7b,nllb-200-1.3B,,-0.07971686940675346,0.3500739905012422,102,0.9117647058823529
1.7b,nllb-200-distilled-600M,,-0.24179856977280376,0.39303747807297057,90,0.9222222222222223
